country;variable;percentile;year;value;age;pop
AD;aptfrn999i;p0p100;1970;0.0;999;i
AD;aptfrn999i;p0p100;1971;0.0;999;i
AD;aptfrn999i;p0p100;1972;-0.1;999;i
AD;aptfrn999i;p0p100;1973;-0.1;999;i
AD;aptfrn999i;p0p100;1974;-0.2;999;i
AD;aptfrn999i;p0p100;1975;-0.2;999;i
AD;aptfrn999i;p0p100;1976;-0.30000001;999;i
AD;aptfrn999i;p0p100;1977;-0.30000001;999;i
AD;aptfrn999i;p0p100;1978;-0.30000001;999;i
AD;aptfrn999i;p0p100;1979;-0.40000001;999;i
AD;aptfrn999i;p0p100;1980;-0.40000001;999;i
AD;aptfrn999i;p0p100;1981;-0.30000001;999;i
AD;aptfrn999i;p0p100;1982;-0.30000001;999;i
AD;aptfrn999i;p0p100;1983;-0.30000001;999;i
AD;aptfrn999i;p0p100;1984;-0.40000001;999;i
AD;aptfrn999i;p0p100;1985;-0.40000001;999;i
AD;aptfrn999i;p0p100;1986;-0.5;999;i
AD;aptfrn999i;p0p100;1987;-0.5;999;i
AD;aptfrn999i;p0p100;1988;-0.60000002;999;i
AD;aptfrn999i;p0p100;1989;-0.60000002;999;i
AD;aptfrn999i;p0p100;1990;-0.69999999;999;i
AD;aptfrn999i;p0p100;1991;-0.69999999;999;i
AD;aptfrn999i;p0p100;1992;-0.69999999;999;i
AD;aptfrn999i;p0p100;1993;-0.80000001;999;i
AD;aptfrn999i;p0p100;1994;-0.80000001;999;i
AD;aptfrn999i;p0p100;1995;-0.89999998;999;i
AD;aptfrn999i;p0p100;1996;-0.89999998;999;i
AD;aptfrn999i;p0p100;1997;-0.89999998;999;i
AD;aptfrn999i;p0p100;1998;-1.4;999;i
AD;aptfrn999i;p0p100;1999;-1.3;999;i
AD;aptfrn999i;p0p100;2000;-1.6;999;i
AD;aptfrn999i;p0p100;2001;-1.2;999;i
AD;aptfrn999i;p0p100;2002;-16.6;999;i
AD;aptfrn999i;p0p100;2003;-0.30000001;999;i
AD;aptfrn999i;p0p100;2004;-4.6999998;999;i
AD;aptfrn999i;p0p100;2005;-8.1000004;999;i
AD;aptfrn999i;p0p100;2006;-10.5;999;i
AD;aptfrn999i;p0p100;2007;-12.1;999;i
AD;aptfrn999i;p0p100;2008;-21.9;999;i
AD;aptfrn999i;p0p100;2009;-50.099998;999;i
AD;aptfrn999i;p0p100;2010;-6.8000002;999;i
AD;aptfrn999i;p0p100;2011;-10.6;999;i
AD;aptfrn999i;p0p100;2012;-9.0;999;i
AD;aptfrn999i;p0p100;2013;-23.1;999;i
AD;aptfrn999i;p0p100;2014;-59.5;999;i
AD;aptfrn999i;p0p100;2015;-43.299999;999;i
AD;aptfrn999i;p0p100;2016;-48.0;999;i
AD;aptfrn999i;p0p100;2017;-53.5;999;i
AD;aptfrn999i;p0p100;2018;-50.299999;999;i
AD;aptfrn999i;p0p100;2019;-51.099998;999;i
AD;xlceux999i;p0p100;1999;1.0;999;i
AD;xlceux999i;p0p100;2000;1.0;999;i
AD;xlceux999i;p0p100;2001;1.0;999;i
AD;xlceux999i;p0p100;2002;1.0;999;i
AD;xlceux999i;p0p100;2003;1.0;999;i
AD;xlceux999i;p0p100;2004;1.0;999;i
AD;xlceux999i;p0p100;2005;1.0;999;i
AD;xlceux999i;p0p100;2006;1.0;999;i
AD;xlceux999i;p0p100;2007;1.0;999;i
AD;xlceux999i;p0p100;2008;1.0;999;i
AD;xlceux999i;p0p100;2009;1.0;999;i
AD;xlceux999i;p0p100;2010;1.0;999;i
AD;xlceux999i;p0p100;2011;1.0;999;i
AD;xlceux999i;p0p100;2012;1.0;999;i
AD;xlceux999i;p0p100;2013;1.0;999;i
AD;xlceux999i;p0p100;2014;1.0;999;i
AD;xlceux999i;p0p100;2015;1.0;999;i
AD;xlceux999i;p0p100;2016;1.0;999;i
AD;xlceux999i;p0p100;2017;1.0;999;i
AD;xlceux999i;p0p100;2018;1.0;999;i
AD;xlceux999i;p0p100;2019;1.0;999;i
AD;mnsrnf999i;p0p100;2012;344696192.0;999;i
AD;mnsrnf999i;p0p100;2013;67060648.0;999;i
AD;mnsrnf999i;p0p100;2014;198636576.0;999;i
AD;mnsrnf999i;p0p100;2015;288107680.0;999;i
AD;mothgo999i;p0p100;2004;0.0;999;i
AD;mothgo999i;p0p100;2005;0.0;999;i
AD;mothgo999i;p0p100;2006;0.0;999;i
AD;mothgo999i;p0p100;2007;0.0;999;i
AD;mothgo999i;p0p100;2008;0.0;999;i
AD;mothgo999i;p0p100;2009;0.0;999;i
AD;mothgo999i;p0p100;2010;0.0;999;i
AD;mothgo999i;p0p100;2011;0.0;999;i
AD;mothgo999i;p0p100;2012;0.0;999;i
AD;mothgo999i;p0p100;2013;0.0;999;i
AD;mothgo999i;p0p100;2014;0.0;999;i
AD;mothgo999i;p0p100;2015;0.0;999;i
AD;mothgo999i;p0p100;2016;0.0;999;i
AD;mothgo999i;p0p100;2017;0.0;999;i
AD;mothgo999i;p0p100;2018;0.0;999;i
AD;aptfrr999i;p0p100;1970;0.0;999;i
AD;aptfrr999i;p0p100;1971;0.0;999;i
AD;aptfrr999i;p0p100;1972;0.0;999;i
AD;aptfrr999i;p0p100;1973;0.0;999;i
AD;aptfrr999i;p0p100;1974;0.0;999;i
AD;aptfrr999i;p0p100;1975;0.0;999;i
AD;aptfrr999i;p0p100;1976;0.0;999;i
AD;aptfrr999i;p0p100;1977;0.0;999;i
AD;aptfrr999i;p0p100;1978;0.0;999;i
AD;aptfrr999i;p0p100;1979;0.0;999;i
AD;aptfrr999i;p0p100;1980;0.0;999;i
AD;aptfrr999i;p0p100;1981;0.0;999;i
AD;aptfrr999i;p0p100;1982;0.0;999;i
AD;aptfrr999i;p0p100;1983;0.0;999;i
AD;aptfrr999i;p0p100;1984;0.0;999;i
AD;aptfrr999i;p0p100;1985;0.0;999;i
AD;aptfrr999i;p0p100;1986;0.0;999;i
AD;aptfrr999i;p0p100;1987;0.0;999;i
AD;aptfrr999i;p0p100;1988;0.0;999;i
AD;aptfrr999i;p0p100;1989;0.0;999;i
AD;aptfrr999i;p0p100;1990;0.0;999;i
AD;aptfrr999i;p0p100;1991;0.0;999;i
AD;aptfrr999i;p0p100;1992;0.0;999;i
AD;aptfrr999i;p0p100;1993;0.0;999;i
AD;aptfrr999i;p0p100;1994;0.0;999;i
AD;aptfrr999i;p0p100;1995;0.0;999;i
AD;aptfrr999i;p0p100;1996;0.0;999;i
AD;aptfrr999i;p0p100;1997;0.0;999;i
AD;aptfrr999i;p0p100;1998;0.0;999;i
AD;aptfrr999i;p0p100;1999;0.0;999;i
AD;aptfrr999i;p0p100;2000;0.0;999;i
AD;aptfrr999i;p0p100;2001;0.0;999;i
AD;aptfrr999i;p0p100;2002;0.0;999;i
AD;aptfrr999i;p0p100;2003;0.0;999;i
AD;aptfrr999i;p0p100;2004;0.0;999;i
AD;aptfrr999i;p0p100;2005;0.0;999;i
AD;aptfrr999i;p0p100;2006;0.0;999;i
AD;aptfrr999i;p0p100;2007;0.0;999;i
AD;aptfrr999i;p0p100;2008;0.0;999;i
AD;aptfrr999i;p0p100;2009;0.0;999;i
AD;aptfrr999i;p0p100;2010;0.0;999;i
AD;aptfrr999i;p0p100;2011;0.0;999;i
AD;aptfrr999i;p0p100;2012;0.0;999;i
AD;aptfrr999i;p0p100;2013;0.0;999;i
AD;aptfrr999i;p0p100;2014;0.0;999;i
AD;aptfrr999i;p0p100;2015;0.0;999;i
AD;aptfrr999i;p0p100;2016;0.0;999;i
AD;aptfrr999i;p0p100;2017;0.0;999;i
AD;aptfrr999i;p0p100;2018;0.0;999;i
AD;aptfrr999i;p0p100;2019;0.0;999;i
AD;agsrnf999i;p0p100;2012;6748.3999;999;i
AD;agsrnf999i;p0p100;2013;3430.8;999;i
AD;agsrnf999i;p0p100;2014;5176.3999;999;i
AD;agsrnf999i;p0p100;2015;6442.7998;999;i
AD;agpsgo999i;p0p100;2004;615.5;999;i
AD;agpsgo999i;p0p100;2005;717.20001;999;i
AD;agpsgo999i;p0p100;2006;628.09998;999;i
AD;agpsgo999i;p0p100;2007;694.59998;999;i
AD;agpsgo999i;p0p100;2008;747.90002;999;i
AD;agpsgo999i;p0p100;2009;632.90002;999;i
AD;agpsgo999i;p0p100;2010;554.90002;999;i
AD;agpsgo999i;p0p100;2011;609.5;999;i
AD;agpsgo999i;p0p100;2012;742.40002;999;i
AD;agpsgo999i;p0p100;2013;735.79999;999;i
AD;agpsgo999i;p0p100;2014;713.0;999;i
AD;agpsgo999i;p0p100;2015;764.0;999;i
AD;agpsgo999i;p0p100;2016;1587.5;999;i
AD;agpsgo999i;p0p100;2017;1580.9;999;i
AD;agpsgo999i;p0p100;2018;1685.8;999;i
AD;mgsrnf999i;p0p100;2012;556249088.0;999;i
AD;mgsrnf999i;p0p100;2013;277120800.0;999;i
AD;mgsrnf999i;p0p100;2014;410037792.0;999;i
AD;mgsrnf999i;p0p100;2015;502607584.0;999;i
AD;aecogo999i;p0p100;2004;279.10001;999;i
AD;aecogo999i;p0p100;2005;273.5;999;i
AD;aecogo999i;p0p100;2006;265.5;999;i
AD;aecogo999i;p0p100;2007;301.89999;999;i
AD;aecogo999i;p0p100;2008;372.89999;999;i
AD;aecogo999i;p0p100;2009;336.10001;999;i
AD;aecogo999i;p0p100;2010;351.5;999;i
AD;aecogo999i;p0p100;2011;332.70001;999;i
AD;aecogo999i;p0p100;2012;430.20001;999;i
AD;aecogo999i;p0p100;2013;474.5;999;i
AD;aecogo999i;p0p100;2014;483.5;999;i
AD;aecogo999i;p0p100;2015;473.70001;999;i
AD;aecogo999i;p0p100;2016;488.60001;999;i
AD;aecogo999i;p0p100;2017;501.29999;999;i
AD;aecogo999i;p0p100;2018;556.70001;999;i
AD;asopgo999i;p0p100;2004;93.199997;999;i
AD;asopgo999i;p0p100;2005;91.5;999;i
AD;asopgo999i;p0p100;2006;109.6;999;i
AD;asopgo999i;p0p100;2007;123.2;999;i
AD;asopgo999i;p0p100;2008;127.8;999;i
AD;asopgo999i;p0p100;2009;156.10001;999;i
AD;asopgo999i;p0p100;2010;162.2;999;i
AD;asopgo999i;p0p100;2011;161.5;999;i
AD;asopgo999i;p0p100;2012;197.7;999;i
AD;asopgo999i;p0p100;2013;229.7;999;i
AD;asopgo999i;p0p100;2014;233.8;999;i
AD;asopgo999i;p0p100;2015;257.29999;999;i
AD;asopgo999i;p0p100;2016;252.60001;999;i
AD;asopgo999i;p0p100;2017;268.20001;999;i
AD;asopgo999i;p0p100;2018;291.29999;999;i
AD;menvgo999i;p0p100;2004;12156405.0;999;i
AD;menvgo999i;p0p100;2005;10958635.0;999;i
AD;menvgo999i;p0p100;2006;11772282.0;999;i
AD;menvgo999i;p0p100;2007;13283570.0;999;i
AD;menvgo999i;p0p100;2008;15691651.0;999;i
AD;menvgo999i;p0p100;2009;17084550.0;999;i
AD;menvgo999i;p0p100;2010;15688504.0;999;i
AD;menvgo999i;p0p100;2011;15937208.0;999;i
AD;menvgo999i;p0p100;2012;16396353.0;999;i
AD;menvgo999i;p0p100;2013;15478044.0;999;i
AD;menvgo999i;p0p100;2014;14933471.0;999;i
AD;menvgo999i;p0p100;2015;15094951.0;999;i
AD;menvgo999i;p0p100;2016;16551688.0;999;i
AD;menvgo999i;p0p100;2017;17122796.0;999;i
AD;menvgo999i;p0p100;2018;17860334.0;999;i
AD;xlcusx999i;p0p100;1999;0.93833601;999;i
AD;xlcusx999i;p0p100;2000;1.0831199;999;i
AD;xlcusx999i;p0p100;2001;1.1166726;999;i
AD;xlcusx999i;p0p100;2002;1.0585575;999;i
AD;xlcusx999i;p0p100;2003;0.88444519;999;i
AD;xlcusx999i;p0p100;2004;0.80421031;999;i
AD;xlcusx999i;p0p100;2005;0.80386412;999;i
AD;xlcusx999i;p0p100;2006;0.79657435;999;i
AD;xlcusx999i;p0p100;2007;0.72985333;999;i
AD;xlcusx999i;p0p100;2008;0.68038136;999;i
AD;xlcusx999i;p0p100;2009;0.71741331;999;i
AD;xlcusx999i;p0p100;2010;0.75442523;999;i
AD;xlcusx999i;p0p100;2011;0.71855509;999;i
AD;xlcusx999i;p0p100;2012;0.77833146;999;i
AD;xlcusx999i;p0p100;2013;0.75297725;999;i
AD;xlcusx999i;p0p100;2014;0.75287145;999;i
AD;xlcusx999i;p0p100;2015;0.90134585;999;i
AD;xlcusx999i;p0p100;2016;0.90350515;999;i
AD;xlcusx999i;p0p100;2017;0.88550442;999;i
AD;xlcusx999i;p0p100;2018;0.84682906;999;i
AD;xlcusx999i;p0p100;2019;0.89127302;999;i
AD;mcfcnf999i;p0p100;2012;211552896.0;999;i
AD;mcfcnf999i;p0p100;2013;210060160.0;999;i
AD;mcfcnf999i;p0p100;2014;211401216.0;999;i
AD;mcfcnf999i;p0p100;2015;214499904.0;999;i
AD;aconfc999i;p0p100;1970;4769.2002;999;i
AD;aconfc999i;p0p100;1971;4821.1001;999;i
AD;aconfc999i;p0p100;1972;4873.2998;999;i
AD;aconfc999i;p0p100;1973;4912.7002;999;i
AD;aconfc999i;p0p100;1974;4925.2002;999;i
AD;aconfc999i;p0p100;1975;4908.5;999;i
AD;aconfc999i;p0p100;1976;4874.3999;999;i
AD;aconfc999i;p0p100;1977;4821.8999;999;i
AD;aconfc999i;p0p100;1978;4747.6001;999;i
AD;aconfc999i;p0p100;1979;4639.7998;999;i
AD;aconfc999i;p0p100;1980;4507.2998;999;i
AD;aconfc999i;p0p100;1981;4359.7998;999;i
AD;aconfc999i;p0p100;1982;4213.3999;999;i
AD;aconfc999i;p0p100;1983;4084.0;999;i
AD;aconfc999i;p0p100;1984;3983.2;999;i
AD;aconfc999i;p0p100;1985;3917.3999;999;i
AD;aconfc999i;p0p100;1986;3888.8;999;i
AD;aconfc999i;p0p100;1987;3889.1001;999;i
AD;aconfc999i;p0p100;1988;3898.3999;999;i
AD;aconfc999i;p0p100;1989;3897.8999;999;i
AD;aconfc999i;p0p100;1990;3871.6001;999;i
AD;aconfc999i;p0p100;1991;3810.3999;999;i
AD;aconfc999i;p0p100;1992;3726.5;999;i
AD;aconfc999i;p0p100;1993;3653.5;999;i
AD;aconfc999i;p0p100;1994;3630.3;999;i
AD;aconfc999i;p0p100;1995;3677.5;999;i
AD;aconfc999i;p0p100;1996;3807.2;999;i
AD;aconfc999i;p0p100;1997;4007.3999;999;i
AD;aconfc999i;p0p100;1998;4238.1001;999;i
AD;aconfc999i;p0p100;1999;4460.2002;999;i
AD;aconfc999i;p0p100;2000;4653.6001;999;i
AD;aconfc999i;p0p100;2001;4822.2002;999;i
AD;aconfc999i;p0p100;2002;4987.3999;999;i
AD;aconfc999i;p0p100;2003;5156.2998;999;i
AD;aconfc999i;p0p100;2004;5309.2002;999;i
AD;aconfc999i;p0p100;2005;5410.6001;999;i
AD;aconfc999i;p0p100;2006;5406.0;999;i
AD;aconfc999i;p0p100;2007;5265.8999;999;i
AD;aconfc999i;p0p100;2008;5025.2002;999;i
AD;aconfc999i;p0p100;2009;4764.0;999;i
AD;aconfc999i;p0p100;2010;4540.8999;999;i
AD;aconfc999i;p0p100;2011;4401.7002;999;i
AD;aconfc999i;p0p100;2012;4366.7002;999;i
AD;aconfc999i;p0p100;2013;4424.6001;999;i
AD;aconfc999i;p0p100;2014;4540.6001;999;i
AD;aconfc999i;p0p100;2015;4678.1001;999;i
AD;aconfc999i;p0p100;2016;4811.7002;999;i
AD;aconfc999i;p0p100;2017;4931.0;999;i
AD;aconfc999i;p0p100;2018;5034.7002;999;i
AD;aconfc999i;p0p100;2019;5131.2002;999;i
AD;aedugo999i;p0p100;2004;616.0;999;i
AD;aedugo999i;p0p100;2005;681.5;999;i
AD;aedugo999i;p0p100;2006;669.90002;999;i
AD;aedugo999i;p0p100;2007;685.09998;999;i
AD;aedugo999i;p0p100;2008;707.29999;999;i
AD;aedugo999i;p0p100;2009;708.40002;999;i
AD;aedugo999i;p0p100;2010;724.29999;999;i
AD;aedugo999i;p0p100;2011;745.0;999;i
AD;aedugo999i;p0p100;2012;755.20001;999;i
AD;aedugo999i;p0p100;2013;784.20001;999;i
AD;aedugo999i;p0p100;2014;805.70001;999;i
AD;aedugo999i;p0p100;2015;821.29999;999;i
AD;aedugo999i;p0p100;2016;839.0;999;i
AD;aedugo999i;p0p100;2017;853.59998;999;i
AD;aedugo999i;p0p100;2018;870.40002;999;i
AD;mptfrp999i;p0p100;1970;0.0;999;i
AD;mptfrp999i;p0p100;1971;1088.0;999;i
AD;mptfrp999i;p0p100;1972;2351.0;999;i
AD;mptfrp999i;p0p100;1973;3880.0;999;i
AD;mptfrp999i;p0p100;1974;5620.0;999;i
AD;mptfrp999i;p0p100;1975;6741.0;999;i
AD;mptfrp999i;p0p100;1976;8585.0;999;i
AD;mptfrp999i;p0p100;1977;9611.0;999;i
AD;mptfrp999i;p0p100;1978;11667.0;999;i
AD;mptfrp999i;p0p100;1979;14688.0;999;i
AD;mptfrp999i;p0p100;1980;13019.0;999;i
AD;mptfrp999i;p0p100;1981;12419.0;999;i
AD;mptfrp999i;p0p100;1982;12654.0;999;i
AD;mptfrp999i;p0p100;1983;13347.0;999;i
AD;mptfrp999i;p0p100;1984;17328.0;999;i
AD;mptfrp999i;p0p100;1985;19177.0;999;i
AD;mptfrp999i;p0p100;1986;23274.0;999;i
AD;mptfrp999i;p0p100;1987;26082.0;999;i
AD;mptfrp999i;p0p100;1988;29944.0;999;i
AD;mptfrp999i;p0p100;1989;33229.0;999;i
AD;mptfrp999i;p0p100;1990;39619.0;999;i
AD;mptfrp999i;p0p100;1991;41364.0;999;i
AD;mptfrp999i;p0p100;1992;43107.0;999;i
AD;mptfrp999i;p0p100;1993;46096.0;999;i
AD;mptfrp999i;p0p100;1994;51519.0;999;i
AD;mptfrp999i;p0p100;1995;56968.0;999;i
AD;mptfrp999i;p0p100;1996;57599.0;999;i
AD;mptfrp999i;p0p100;1997;59589.0;999;i
AD;mptfrp999i;p0p100;1998;87071.0;999;i
AD;mptfrp999i;p0p100;1999;83146.0;999;i
AD;mptfrp999i;p0p100;2000;106186.0;999;i
AD;mptfrp999i;p0p100;2001;82290.0;999;i
AD;mptfrp999i;p0p100;2002;1159702.0;999;i
AD;mptfrp999i;p0p100;2003;18382.0;999;i
AD;mptfrp999i;p0p100;2004;357812.0;999;i
AD;mptfrp999i;p0p100;2005;639155.0;999;i
AD;mptfrp999i;p0p100;2006;847359.0;999;i
AD;mptfrp999i;p0p100;2007;998695.0;999;i
AD;mptfrp999i;p0p100;2008;1835570.0;999;i
AD;mptfrp999i;p0p100;2009;4233615.0;999;i
AD;mptfrp999i;p0p100;2010;577329.0;999;i
AD;mptfrp999i;p0p100;2011;888017.0;999;i
AD;mptfrp999i;p0p100;2012;745232.0;999;i
AD;mptfrp999i;p0p100;2013;1861937.0;999;i
AD;mptfrp999i;p0p100;2014;4714117.0;999;i
AD;mptfrp999i;p0p100;2015;3376439.0;999;i
AD;mptfrp999i;p0p100;2016;3709443.0;999;i
AD;mptfrp999i;p0p100;2017;4122601.0;999;i
AD;mptfrp999i;p0p100;2018;3876640.0;999;i
AD;mptfrp999i;p0p100;2019;3939801.0;999;i
AD;npopul999i;p0p100;1950;6196.0;999;i
AD;npopul999i;p0p100;1951;6689.0;999;i
AD;npopul999i;p0p100;1952;7247.0;999;i
AD;npopul999i;p0p100;1953;7865.0;999;i
AD;npopul999i;p0p100;1954;8525.0;999;i
AD;npopul999i;p0p100;1955;9232.0;999;i
AD;npopul999i;p0p100;1956;9989.0;999;i
AD;npopul999i;p0p100;1957;10779.0;999;i
AD;npopul999i;p0p100;1958;11615.0;999;i
AD;npopul999i;p0p100;1959;12498.0;999;i
AD;npopul999i;p0p100;1960;13411.0;999;i
AD;npopul999i;p0p100;1961;14375.0;999;i
AD;npopul999i;p0p100;1962;15370.0;999;i
AD;npopul999i;p0p100;1963;16412.0;999;i
AD;npopul999i;p0p100;1964;17469.0;999;i
AD;npopul999i;p0p100;1965;18549.0;999;i
AD;npopul999i;p0p100;1966;19647.0;999;i
AD;npopul999i;p0p100;1967;20758.0;999;i
AD;npopul999i;p0p100;1968;21890.0;999;i
AD;npopul999i;p0p100;1969;23058.0;999;i
AD;npopul999i;p0p100;1970;24276.0;999;i
AD;npopul999i;p0p100;1971;25559.0;999;i
AD;npopul999i;p0p100;1972;26892.0;999;i
AD;npopul999i;p0p100;1973;28232.0;999;i
AD;npopul999i;p0p100;1974;29520.0;999;i
AD;npopul999i;p0p100;1975;30705.0;999;i
AD;npopul999i;p0p100;1976;31777.0;999;i
AD;npopul999i;p0p100;1977;32771.0;999;i
AD;npopul999i;p0p100;1978;33737.0;999;i
AD;npopul999i;p0p100;1979;34818.0;999;i
AD;npopul999i;p0p100;1980;36067.0;999;i
AD;npopul999i;p0p100;1981;37500.0;999;i
AD;npopul999i;p0p100;1982;39114.0;999;i
AD;npopul999i;p0p100;1983;40867.0;999;i
AD;npopul999i;p0p100;1984;42706.0;999;i
AD;npopul999i;p0p100;1985;44600.0;999;i
AD;npopul999i;p0p100;1986;46517.0;999;i
AD;npopul999i;p0p100;1987;48455.0;999;i
AD;npopul999i;p0p100;1988;50434.0;999;i
AD;npopul999i;p0p100;1989;52448.0;999;i
AD;npopul999i;p0p100;1990;54509.0;999;i
AD;npopul999i;p0p100;1991;56671.0;999;i
AD;npopul999i;p0p100;1992;58888.0;999;i
AD;npopul999i;p0p100;1993;60971.0;999;i
AD;npopul999i;p0p100;1994;62677.0;999;i
AD;npopul999i;p0p100;1995;63850.0;999;i
AD;npopul999i;p0p100;1996;64360.0;999;i
AD;npopul999i;p0p100;1997;64327.0;999;i
AD;npopul999i;p0p100;1998;64142.0;999;i
AD;npopul999i;p0p100;1999;64370.0;999;i
AD;npopul999i;p0p100;2000;65390.0;999;i
AD;npopul999i;p0p100;2001;67341.0;999;i
AD;npopul999i;p0p100;2002;70049.0;999;i
AD;npopul999i;p0p100;2003;73182.0;999;i
AD;npopul999i;p0p100;2004;76244.0;999;i
AD;npopul999i;p0p100;2005;78867.0;999;i
AD;npopul999i;p0p100;2006;80993.0;999;i
AD;npopul999i;p0p100;2007;82684.0;999;i
AD;npopul999i;p0p100;2008;83862.0;999;i
AD;npopul999i;p0p100;2009;84463.0;999;i
AD;npopul999i;p0p100;2010;84449.0;999;i
AD;npopul999i;p0p100;2011;83747.0;999;i
AD;npopul999i;p0p100;2012;82427.0;999;i
AD;npopul999i;p0p100;2013;80774.0;999;i
AD;npopul999i;p0p100;2014;79213.0;999;i
AD;npopul999i;p0p100;2015;78011.0;999;i
AD;npopul999i;p0p100;2016;77297.0;999;i
AD;npopul999i;p0p100;2017;77001.0;999;i
AD;npopul999i;p0p100;2018;77006.0;999;i
AD;npopul999i;p0p100;2019;77142.0;999;i
AD;mcomnx999i;p0p100;1996;689944448.0;999;i
AD;mcomnx999i;p0p100;1997;721361792.0;999;i
AD;mcomnx999i;p0p100;1998;776373952.0;999;i
AD;mcomnx999i;p0p100;1999;828631296.0;999;i
AD;mcomnx999i;p0p100;2000;1803511424.0;999;i
AD;mcomnx999i;p0p100;2001;1830450560.0;999;i
AD;mcomnx999i;p0p100;2002;1939173120.0;999;i
AD;mcomnx999i;p0p100;2003;1762887424.0;999;i
AD;mcomnx999i;p0p100;2004;1858583168.0;999;i
AD;mcomnx999i;p0p100;2005;1964405120.0;999;i
AD;mcomnx999i;p0p100;2006;2068370560.0;999;i
AD;mcomnx999i;p0p100;2007;2088111360.0;999;i
AD;mndpro999i;p0p100;1970;708781888.0;999;i
AD;mndpro999i;p0p100;1971;739675200.0;999;i
AD;mndpro999i;p0p100;1972;802169600.0;999;i
AD;mndpro999i;p0p100;1973;867210176.0;999;i
AD;mndpro999i;p0p100;1974;917033344.0;999;i
AD;mndpro999i;p0p100;1975;917467712.0;999;i
AD;mndpro999i;p0p100;1976;948581952.0;999;i
AD;mndpro999i;p0p100;1977;976778880.0;999;i
AD;mndpro999i;p0p100;1978;991230976.0;999;i
AD;mndpro999i;p0p100;1979;990330752.0;999;i
AD;mndpro999i;p0p100;1980;1014755328.0;999;i
AD;mndpro999i;p0p100;1981;1012269568.0;999;i
AD;mndpro999i;p0p100;1982;1025612544.0;999;i
AD;mndpro999i;p0p100;1983;1044588096.0;999;i
AD;mndpro999i;p0p100;1984;1063005248.0;999;i
AD;mndpro999i;p0p100;1985;1087019136.0;999;i
AD;mndpro999i;p0p100;1986;1121888384.0;999;i
AD;mndpro999i;p0p100;1987;1186605696.0;999;i
AD;mndpro999i;p0p100;1988;1248489728.0;999;i
AD;mndpro999i;p0p100;1989;1310418048.0;999;i
AD;mndpro999i;p0p100;1990;1361100288.0;999;i
AD;mndpro999i;p0p100;1991;1396226688.0;999;i
AD;mndpro999i;p0p100;1992;1407696768.0;999;i
AD;mndpro999i;p0p100;1993;1387605120.0;999;i
AD;mndpro999i;p0p100;1994;1421203968.0;999;i
AD;mndpro999i;p0p100;1995;1459397248.0;999;i
AD;mndpro999i;p0p100;1996;1527948928.0;999;i
AD;mndpro999i;p0p100;1997;1675962368.0;999;i
AD;mndpro999i;p0p100;1998;1723687168.0;999;i
AD;mndpro999i;p0p100;1999;1790222464.0;999;i
AD;mndpro999i;p0p100;2000;1846325120.0;999;i
AD;mndpro999i;p0p100;2001;1923672320.0;999;i
AD;mndpro999i;p0p100;2002;2044539392.0;999;i
AD;mndpro999i;p0p100;2003;2307854592.0;999;i
AD;mndpro999i;p0p100;2004;2485768192.0;999;i
AD;mndpro999i;p0p100;2005;2677670912.0;999;i
AD;mndpro999i;p0p100;2006;2807355904.0;999;i
AD;mndpro999i;p0p100;2007;2811098368.0;999;i
AD;mndpro999i;p0p100;2008;2546212096.0;999;i
AD;mndpro999i;p0p100;2009;2455725056.0;999;i
AD;mndpro999i;p0p100;2010;2321475840.0;999;i
AD;mndpro999i;p0p100;2011;2210634496.0;999;i
AD;mndpro999i;p0p100;2012;2177665280.0;999;i
AD;mndpro999i;p0p100;2013;2189132544.0;999;i
AD;mndpro999i;p0p100;2014;2244851712.0;999;i
AD;mndpro999i;p0p100;2015;2261511168.0;999;i
AD;mndpro999i;p0p100;2016;2304142592.0;999;i
AD;mndpro999i;p0p100;2017;2342521344.0;999;i
AD;mndpro999i;p0p100;2018;2378864384.0;999;i
AD;mndpro999i;p0p100;2019;2415813376.0;999;i
AD;xlcyux999i;p0p100;1999;0.11334956;999;i
AD;xlcyux999i;p0p100;2000;0.13083521;999;i
AD;xlcyux999i;p0p100;2001;0.13491161;999;i
AD;xlcyux999i;p0p100;2002;0.12789211;999;i
AD;xlcyux999i;p0p100;2003;0.1068553;999;i
AD;xlcyux999i;p0p100;2004;0.097164385;999;i
AD;xlcyux999i;p0p100;2005;0.0981002;999;i
AD;xlcyux999i;p0p100;2006;0.099903494;999;i
AD;xlcyux999i;p0p100;2007;0.09593825;999;i
AD;xlcyux999i;p0p100;2008;0.097915545;999;i
AD;xlcyux999i;p0p100;2009;0.10501678;999;i
AD;xlcyux999i;p0p100;2010;0.11143209;999;i
AD;xlcyux999i;p0p100;2011;0.11120628;999;i
AD;xlcyux999i;p0p100;2012;0.1233033;999;i
AD;xlcyux999i;p0p100;2013;0.12153109;999;i
AD;xlcyux999i;p0p100;2014;0.12254896;999;i
AD;xlcyux999i;p0p100;2015;0.14473665;999;i
AD;xlcyux999i;p0p100;2016;0.13597836;999;i
AD;xlcyux999i;p0p100;2017;0.1310159;999;i
AD;xlcyux999i;p0p100;2018;0.12799796;999;i
AD;xlcyux999i;p0p100;2019;0.12799577;999;i
AD;aheago999i;p0p100;2004;131.60001;999;i
AD;aheago999i;p0p100;2005;135.3;999;i
AD;aheago999i;p0p100;2006;144.10001;999;i
AD;aheago999i;p0p100;2007;160.10001;999;i
AD;aheago999i;p0p100;2008;240.89999;999;i
AD;aheago999i;p0p100;2009;257.10001;999;i
AD;aheago999i;p0p100;2010;371.10001;999;i
AD;aheago999i;p0p100;2011;739.40002;999;i
AD;aheago999i;p0p100;2012;529.5;999;i
AD;aheago999i;p0p100;2013;659.0;999;i
AD;aheago999i;p0p100;2014;655.29999;999;i
AD;aheago999i;p0p100;2015;868.79999;999;i
AD;aheago999i;p0p100;2016;850.20001;999;i
AD;aheago999i;p0p100;2017;767.90002;999;i
AD;aheago999i;p0p100;2018;801.90002;999;i
AD;aptfrp999i;p0p100;1970;0.0;999;i
AD;aptfrp999i;p0p100;1971;0.0;999;i
AD;aptfrp999i;p0p100;1972;0.1;999;i
AD;aptfrp999i;p0p100;1973;0.1;999;i
AD;aptfrp999i;p0p100;1974;0.2;999;i
AD;aptfrp999i;p0p100;1975;0.2;999;i
AD;aptfrp999i;p0p100;1976;0.30000001;999;i
AD;aptfrp999i;p0p100;1977;0.30000001;999;i
AD;aptfrp999i;p0p100;1978;0.30000001;999;i
AD;aptfrp999i;p0p100;1979;0.40000001;999;i
AD;aptfrp999i;p0p100;1980;0.40000001;999;i
AD;aptfrp999i;p0p100;1981;0.30000001;999;i
AD;aptfrp999i;p0p100;1982;0.30000001;999;i
AD;aptfrp999i;p0p100;1983;0.30000001;999;i
AD;aptfrp999i;p0p100;1984;0.40000001;999;i
AD;aptfrp999i;p0p100;1985;0.40000001;999;i
AD;aptfrp999i;p0p100;1986;0.5;999;i
AD;aptfrp999i;p0p100;1987;0.5;999;i
AD;aptfrp999i;p0p100;1988;0.60000002;999;i
AD;aptfrp999i;p0p100;1989;0.60000002;999;i
AD;aptfrp999i;p0p100;1990;0.69999999;999;i
AD;aptfrp999i;p0p100;1991;0.69999999;999;i
AD;aptfrp999i;p0p100;1992;0.69999999;999;i
AD;aptfrp999i;p0p100;1993;0.80000001;999;i
AD;aptfrp999i;p0p100;1994;0.80000001;999;i
AD;aptfrp999i;p0p100;1995;0.89999998;999;i
AD;aptfrp999i;p0p100;1996;0.89999998;999;i
AD;aptfrp999i;p0p100;1997;0.89999998;999;i
AD;aptfrp999i;p0p100;1998;1.4;999;i
AD;aptfrp999i;p0p100;1999;1.3;999;i
AD;aptfrp999i;p0p100;2000;1.6;999;i
AD;aptfrp999i;p0p100;2001;1.2;999;i
AD;aptfrp999i;p0p100;2002;16.6;999;i
AD;aptfrp999i;p0p100;2003;0.30000001;999;i
AD;aptfrp999i;p0p100;2004;4.6999998;999;i
AD;aptfrp999i;p0p100;2005;8.1000004;999;i
AD;aptfrp999i;p0p100;2006;10.5;999;i
AD;aptfrp999i;p0p100;2007;12.1;999;i
AD;aptfrp999i;p0p100;2008;21.9;999;i
AD;aptfrp999i;p0p100;2009;50.099998;999;i
AD;aptfrp999i;p0p100;2010;6.8000002;999;i
AD;aptfrp999i;p0p100;2011;10.6;999;i
AD;aptfrp999i;p0p100;2012;9.0;999;i
AD;aptfrp999i;p0p100;2013;23.1;999;i
AD;aptfrp999i;p0p100;2014;59.5;999;i
AD;aptfrp999i;p0p100;2015;43.299999;999;i
AD;aptfrp999i;p0p100;2016;48.0;999;i
AD;aptfrp999i;p0p100;2017;53.5;999;i
AD;aptfrp999i;p0p100;2018;50.299999;999;i
AD;aptfrp999i;p0p100;2019;51.099998;999;i
AD;mconfc999i;p0p100;1970;115778112.0;999;i
AD;mconfc999i;p0p100;1971;123222856.0;999;i
AD;mconfc999i;p0p100;1972;131052328.0;999;i
AD;mconfc999i;p0p100;1973;138694480.0;999;i
AD;mconfc999i;p0p100;1974;145391408.0;999;i
AD;mconfc999i;p0p100;1975;150716608.0;999;i
AD;mconfc999i;p0p100;1976;154893888.0;999;i
AD;mconfc999i;p0p100;1977;158018912.0;999;i
AD;mconfc999i;p0p100;1978;160169648.0;999;i
AD;mconfc999i;p0p100;1979;161548976.0;999;i
AD;mconfc999i;p0p100;1980;162566176.0;999;i
AD;mconfc999i;p0p100;1981;163491968.0;999;i
AD;mconfc999i;p0p100;1982;164804656.0;999;i
AD;mconfc999i;p0p100;1983;166900688.0;999;i
AD;mconfc999i;p0p100;1984;170105424.0;999;i
AD;mconfc999i;p0p100;1985;174716432.0;999;i
AD;mconfc999i;p0p100;1986;180894992.0;999;i
AD;mconfc999i;p0p100;1987;188445904.0;999;i
AD;mconfc999i;p0p100;1988;196610048.0;999;i
AD;mconfc999i;p0p100;1989;204438432.0;999;i
AD;mconfc999i;p0p100;1990;211037328.0;999;i
AD;mconfc999i;p0p100;1991;215937552.0;999;i
AD;mconfc999i;p0p100;1992;219448704.0;999;i
AD;mconfc999i;p0p100;1993;222755856.0;999;i
AD;mconfc999i;p0p100;1994;227534384.0;999;i
AD;mconfc999i;p0p100;1995;234806592.0;999;i
AD;mconfc999i;p0p100;1996;245031104.0;999;i
AD;mconfc999i;p0p100;1997;257785232.0;999;i
AD;mconfc999i;p0p100;1998;271841088.0;999;i
AD;mconfc999i;p0p100;1999;287102176.0;999;i
AD;mconfc999i;p0p100;2000;304296608.0;999;i
AD;mconfc999i;p0p100;2001;324733472.0;999;i
AD;mconfc999i;p0p100;2002;349362400.0;999;i
AD;mconfc999i;p0p100;2003;377351520.0;999;i
AD;mconfc999i;p0p100;2004;404797504.0;999;i
AD;mconfc999i;p0p100;2005;426714176.0;999;i
AD;mconfc999i;p0p100;2006;437849696.0;999;i
AD;mconfc999i;p0p100;2007;435405568.0;999;i
AD;mconfc999i;p0p100;2008;421419232.0;999;i
AD;mconfc999i;p0p100;2009;402379520.0;999;i
AD;mconfc999i;p0p100;2010;383472192.0;999;i
AD;mconfc999i;p0p100;2011;368626400.0;999;i
AD;mconfc999i;p0p100;2012;359931424.0;999;i
AD;mconfc999i;p0p100;2013;357391712.0;999;i
AD;mconfc999i;p0p100;2014;359673376.0;999;i
AD;mconfc999i;p0p100;2015;364945408.0;999;i
AD;mconfc999i;p0p100;2016;371932992.0;999;i
AD;mconfc999i;p0p100;2017;379692736.0;999;i
AD;mconfc999i;p0p100;2018;387701984.0;999;i
AD;mconfc999i;p0p100;2019;395828032.0;999;i
AD;mpolgo999i;p0p100;2004;28441676.0;999;i
AD;mpolgo999i;p0p100;2005;31295708.0;999;i
AD;mpolgo999i;p0p100;2006;30100066.0;999;i
AD;mpolgo999i;p0p100;2007;32950516.0;999;i
AD;mpolgo999i;p0p100;2008;34115744.0;999;i
AD;mpolgo999i;p0p100;2009;35241252.0;999;i
AD;mpolgo999i;p0p100;2010;35578964.0;999;i
AD;mpolgo999i;p0p100;2011;35222784.0;999;i
AD;mpolgo999i;p0p100;2012;32999688.0;999;i
AD;mpolgo999i;p0p100;2013;31772788.0;999;i
AD;mpolgo999i;p0p100;2014;32876612.0;999;i
AD;mpolgo999i;p0p100;2015;33475670.0;999;i
AD;mpolgo999i;p0p100;2016;34612872.0;999;i
AD;mpolgo999i;p0p100;2017;35772596.0;999;i
AD;mpolgo999i;p0p100;2018;37261324.0;999;i
AD;anninc999i;p0p100;1970;29196.801;999;i
AD;anninc999i;p0p100;1971;28939.9;999;i
AD;anninc999i;p0p100;1972;29829.301;999;i
AD;anninc999i;p0p100;1973;30717.301;999;i
AD;anninc999i;p0p100;1974;31064.801;999;i
AD;anninc999i;p0p100;1975;29880.1;999;i
AD;anninc999i;p0p100;1976;29851.199;999;i
AD;anninc999i;p0p100;1977;29806.199;999;i
AD;anninc999i;p0p100;1978;29381.1;999;i
AD;anninc999i;p0p100;1979;28443.1;999;i
AD;anninc999i;p0p100;1980;28135.301;999;i
AD;anninc999i;p0p100;1981;26993.9;999;i
AD;anninc999i;p0p100;1982;26221.1;999;i
AD;anninc999i;p0p100;1983;25560.699;999;i
AD;anninc999i;p0p100;1984;24891.199;999;i
AD;anninc999i;p0p100;1985;24372.6;999;i
AD;anninc999i;p0p100;1986;24117.801;999;i
AD;anninc999i;p0p100;1987;24488.801;999;i
AD;anninc999i;p0p100;1988;24754.9;999;i
AD;anninc999i;p0p100;1989;24985.1;999;i
AD;anninc999i;p0p100;1990;24970.199;999;i
AD;anninc999i;p0p100;1991;24637.4;999;i
AD;anninc999i;p0p100;1992;23904.6;999;i
AD;anninc999i;p0p100;1993;22758.4;999;i
AD;anninc999i;p0p100;1994;22675.0;999;i
AD;anninc999i;p0p100;1995;22856.699;999;i
AD;anninc999i;p0p100;1996;23740.699;999;i
AD;anninc999i;p0p100;1997;26053.801;999;i
AD;anninc999i;p0p100;1998;26873.0;999;i
AD;anninc999i;p0p100;1999;27811.4;999;i
AD;anninc999i;p0p100;2000;28235.6;999;i
AD;anninc999i;p0p100;2001;28566.1;999;i
AD;anninc999i;p0p100;2002;29187.301;999;i
AD;anninc999i;p0p100;2003;31535.801;999;i
AD;anninc999i;p0p100;2004;32602.801;999;i
AD;anninc999i;p0p100;2005;33951.699;999;i
AD;anninc999i;p0p100;2006;34661.699;999;i
AD;anninc999i;p0p100;2007;33998.102;999;i
AD;anninc999i;p0p100;2008;30361.9;999;i
AD;anninc999i;p0p100;2009;29074.6;999;i
AD;anninc999i;p0p100;2010;27489.699;999;i
AD;anninc999i;p0p100;2011;26396.6;999;i
AD;anninc999i;p0p100;2012;26419.301;999;i
AD;anninc999i;p0p100;2013;27101.9;999;i
AD;anninc999i;p0p100;2014;28339.4;999;i
AD;anninc999i;p0p100;2015;28989.6;999;i
AD;anninc999i;p0p100;2016;29809.0;999;i
AD;anninc999i;p0p100;2017;30422.0;999;i
AD;anninc999i;p0p100;2018;30891.9;999;i
AD;anninc999i;p0p100;2019;31316.4;999;i
AD;msopgo999i;p0p100;2004;7109397.0;999;i
AD;msopgo999i;p0p100;2005;7215028.0;999;i
AD;msopgo999i;p0p100;2006;8879762.0;999;i
AD;msopgo999i;p0p100;2007;10189406.0;999;i
AD;msopgo999i;p0p100;2008;10716823.0;999;i
AD;msopgo999i;p0p100;2009;13183090.0;999;i
AD;msopgo999i;p0p100;2010;13695944.0;999;i
AD;msopgo999i;p0p100;2011;13525247.0;999;i
AD;msopgo999i;p0p100;2012;16296107.0;999;i
AD;msopgo999i;p0p100;2013;18554242.0;999;i
AD;msopgo999i;p0p100;2014;18521192.0;999;i
AD;msopgo999i;p0p100;2015;20074006.0;999;i
AD;msopgo999i;p0p100;2016;19524384.0;999;i
AD;msopgo999i;p0p100;2017;20655264.0;999;i
AD;msopgo999i;p0p100;2018;22433878.0;999;i
AD;mgninc999i;p0p100;1970;824559936.0;999;i
AD;mgninc999i;p0p100;1971;862898048.0;999;i
AD;mgninc999i;p0p100;1972;933221888.0;999;i
AD;mgninc999i;p0p100;1973;1005904640.0;999;i
AD;mgninc999i;p0p100;1974;1062424768.0;999;i
AD;mgninc999i;p0p100;1975;1068184256.0;999;i
AD;mgninc999i;p0p100;1976;1103475840.0;999;i
AD;mgninc999i;p0p100;1977;1134797824.0;999;i
AD;mgninc999i;p0p100;1978;1151400576.0;999;i
AD;mgninc999i;p0p100;1979;1151879680.0;999;i
AD;mgninc999i;p0p100;1980;1177321472.0;999;i
AD;mgninc999i;p0p100;1981;1175761536.0;999;i
AD;mgninc999i;p0p100;1982;1190417152.0;999;i
AD;mgninc999i;p0p100;1983;1211488768.0;999;i
AD;mgninc999i;p0p100;1984;1233110656.0;999;i
AD;mgninc999i;p0p100;1985;1261735552.0;999;i
AD;mgninc999i;p0p100;1986;1302783360.0;999;i
AD;mgninc999i;p0p100;1987;1375051648.0;999;i
AD;mgninc999i;p0p100;1988;1445099776.0;999;i
AD;mgninc999i;p0p100;1989;1514856448.0;999;i
AD;mgninc999i;p0p100;1990;1572137728.0;999;i
AD;mgninc999i;p0p100;1991;1612164224.0;999;i
AD;mgninc999i;p0p100;1992;1627145472.0;999;i
AD;mgninc999i;p0p100;1993;1610360960.0;999;i
AD;mgninc999i;p0p100;1994;1648738304.0;999;i
AD;mgninc999i;p0p100;1995;1694203776.0;999;i
AD;mgninc999i;p0p100;1996;1772979968.0;999;i
AD;mgninc999i;p0p100;1997;1933747712.0;999;i
AD;mgninc999i;p0p100;1998;1995528192.0;999;i
AD;mgninc999i;p0p100;1999;2077324672.0;999;i
AD;mgninc999i;p0p100;2000;2150621696.0;999;i
AD;mgninc999i;p0p100;2001;2248405760.0;999;i
AD;mgninc999i;p0p100;2002;2393901824.0;999;i
AD;mgninc999i;p0p100;2003;2685206272.0;999;i
AD;mgninc999i;p0p100;2004;2890565632.0;999;i
AD;mgninc999i;p0p100;2005;3104385024.0;999;i
AD;mgninc999i;p0p100;2006;3245205504.0;999;i
AD;mgninc999i;p0p100;2007;3246504192.0;999;i
AD;mgninc999i;p0p100;2008;2967631360.0;999;i
AD;mgninc999i;p0p100;2009;2858104832.0;999;i
AD;mgninc999i;p0p100;2010;2704947968.0;999;i
AD;mgninc999i;p0p100;2011;2579260928.0;999;i
AD;mgninc999i;p0p100;2012;2537596672.0;999;i
AD;mgninc999i;p0p100;2013;2546524160.0;999;i
AD;mgninc999i;p0p100;2014;2604525056.0;999;i
AD;mgninc999i;p0p100;2015;2626456576.0;999;i
AD;mgninc999i;p0p100;2016;2676075520.0;999;i
AD;mgninc999i;p0p100;2017;2722214144.0;999;i
AD;mgninc999i;p0p100;2018;2766566400.0;999;i
AD;mgninc999i;p0p100;2019;2811641344.0;999;i
AD;andpro999i;p0p100;1970;29196.801;999;i
AD;andpro999i;p0p100;1971;28939.9;999;i
AD;andpro999i;p0p100;1972;29829.301;999;i
AD;andpro999i;p0p100;1973;30717.301;999;i
AD;andpro999i;p0p100;1974;31064.801;999;i
AD;andpro999i;p0p100;1975;29880.1;999;i
AD;andpro999i;p0p100;1976;29851.199;999;i
AD;andpro999i;p0p100;1977;29806.199;999;i
AD;andpro999i;p0p100;1978;29381.1;999;i
AD;andpro999i;p0p100;1979;28443.1;999;i
AD;andpro999i;p0p100;1980;28135.301;999;i
AD;andpro999i;p0p100;1981;26993.9;999;i
AD;andpro999i;p0p100;1982;26221.1;999;i
AD;andpro999i;p0p100;1983;25560.699;999;i
AD;andpro999i;p0p100;1984;24891.199;999;i
AD;andpro999i;p0p100;1985;24372.6;999;i
AD;andpro999i;p0p100;1986;24117.801;999;i
AD;andpro999i;p0p100;1987;24488.801;999;i
AD;andpro999i;p0p100;1988;24754.9;999;i
AD;andpro999i;p0p100;1989;24985.1;999;i
AD;andpro999i;p0p100;1990;24970.199;999;i
AD;andpro999i;p0p100;1991;24637.4;999;i
AD;andpro999i;p0p100;1992;23904.6;999;i
AD;andpro999i;p0p100;1993;22758.4;999;i
AD;andpro999i;p0p100;1994;22675.0;999;i
AD;andpro999i;p0p100;1995;22856.699;999;i
AD;andpro999i;p0p100;1996;23740.699;999;i
AD;andpro999i;p0p100;1997;26053.801;999;i
AD;andpro999i;p0p100;1998;26873.0;999;i
AD;andpro999i;p0p100;1999;27811.4;999;i
AD;andpro999i;p0p100;2000;28235.6;999;i
AD;andpro999i;p0p100;2001;28566.1;999;i
AD;andpro999i;p0p100;2002;29187.301;999;i
AD;andpro999i;p0p100;2003;31535.801;999;i
AD;andpro999i;p0p100;2004;32602.801;999;i
AD;andpro999i;p0p100;2005;33951.699;999;i
AD;andpro999i;p0p100;2006;34661.699;999;i
AD;andpro999i;p0p100;2007;33998.102;999;i
AD;andpro999i;p0p100;2008;30361.9;999;i
AD;andpro999i;p0p100;2009;29074.6;999;i
AD;andpro999i;p0p100;2010;27489.699;999;i
AD;andpro999i;p0p100;2011;26396.6;999;i
AD;andpro999i;p0p100;2012;26419.301;999;i
AD;andpro999i;p0p100;2013;27101.9;999;i
AD;andpro999i;p0p100;2014;28339.4;999;i
AD;andpro999i;p0p100;2015;28989.6;999;i
AD;andpro999i;p0p100;2016;29809.0;999;i
AD;andpro999i;p0p100;2017;30422.0;999;i
AD;andpro999i;p0p100;2018;30891.9;999;i
AD;andpro999i;p0p100;2019;31316.4;999;i
AD;aothgo999i;p0p100;2004;0.0;999;i
AD;aothgo999i;p0p100;2005;0.0;999;i
AD;aothgo999i;p0p100;2006;0.0;999;i
AD;aothgo999i;p0p100;2007;0.0;999;i
AD;aothgo999i;p0p100;2008;0.0;999;i
AD;aothgo999i;p0p100;2009;0.0;999;i
AD;aothgo999i;p0p100;2010;0.0;999;i
AD;aothgo999i;p0p100;2011;0.0;999;i
AD;aothgo999i;p0p100;2012;0.0;999;i
AD;aothgo999i;p0p100;2013;0.0;999;i
AD;aothgo999i;p0p100;2014;0.0;999;i
AD;aothgo999i;p0p100;2015;0.0;999;i
AD;aothgo999i;p0p100;2016;0.0;999;i
AD;aothgo999i;p0p100;2017;0.0;999;i
AD;aothgo999i;p0p100;2018;0.0;999;i
AD;arecgo999i;p0p100;2004;191.5;999;i
AD;arecgo999i;p0p100;2005;201.39999;999;i
AD;arecgo999i;p0p100;2006;182.5;999;i
AD;arecgo999i;p0p100;2007;183.89999;999;i
AD;arecgo999i;p0p100;2008;193.39999;999;i
AD;arecgo999i;p0p100;2009;189.2;999;i
AD;arecgo999i;p0p100;2010;182.2;999;i
AD;arecgo999i;p0p100;2011;178.60001;999;i
AD;arecgo999i;p0p100;2012;175.3;999;i
AD;arecgo999i;p0p100;2013;172.5;999;i
AD;arecgo999i;p0p100;2014;166.89999;999;i
AD;arecgo999i;p0p100;2015;178.60001;999;i
AD;arecgo999i;p0p100;2016;190.7;999;i
AD;arecgo999i;p0p100;2017;209.7;999;i
AD;arecgo999i;p0p100;2018;176.60001;999;i
AD;agninc999i;p0p100;1970;33966.102;999;i
AD;agninc999i;p0p100;1971;33761.0;999;i
AD;agninc999i;p0p100;1972;34702.602;999;i
AD;agninc999i;p0p100;1973;35629.898;999;i
AD;agninc999i;p0p100;1974;35990.0;999;i
AD;agninc999i;p0p100;1975;34788.602;999;i
AD;agninc999i;p0p100;1976;34725.602;999;i
AD;agninc999i;p0p100;1977;34628.102;999;i
AD;agninc999i;p0p100;1978;34128.699;999;i
AD;agninc999i;p0p100;1979;33082.898;999;i
AD;agninc999i;p0p100;1980;32642.6;999;i
AD;agninc999i;p0p100;1981;31353.6;999;i
AD;agninc999i;p0p100;1982;30434.6;999;i
AD;agninc999i;p0p100;1983;29644.699;999;i
AD;agninc999i;p0p100;1984;28874.4;999;i
AD;agninc999i;p0p100;1985;28290.0;999;i
AD;agninc999i;p0p100;1986;28006.6;999;i
AD;agninc999i;p0p100;1987;28377.9;999;i
AD;agninc999i;p0p100;1988;28653.301;999;i
AD;agninc999i;p0p100;1989;28883.0;999;i
AD;agninc999i;p0p100;1990;28841.801;999;i
AD;agninc999i;p0p100;1991;28447.801;999;i
AD;agninc999i;p0p100;1992;27631.199;999;i
AD;agninc999i;p0p100;1993;26411.9;999;i
AD;agninc999i;p0p100;1994;26305.301;999;i
AD;agninc999i;p0p100;1995;26534.1;999;i
AD;agninc999i;p0p100;1996;27547.9;999;i
AD;agninc999i;p0p100;1997;30061.199;999;i
AD;agninc999i;p0p100;1998;31111.1;999;i
AD;agninc999i;p0p100;1999;32271.6;999;i
AD;agninc999i;p0p100;2000;32889.199;999;i
AD;agninc999i;p0p100;2001;33388.398;999;i
AD;agninc999i;p0p100;2002;34174.699;999;i
AD;agninc999i;p0p100;2003;36692.199;999;i
AD;agninc999i;p0p100;2004;37912.0;999;i
AD;agninc999i;p0p100;2005;39362.301;999;i
AD;agninc999i;p0p100;2006;40067.699;999;i
AD;agninc999i;p0p100;2007;39264.0;999;i
AD;agninc999i;p0p100;2008;35387.102;999;i
AD;agninc999i;p0p100;2009;33838.5;999;i
AD;agninc999i;p0p100;2010;32030.6;999;i
AD;agninc999i;p0p100;2011;30798.199;999;i
AD;agninc999i;p0p100;2012;30786.0;999;i
AD;agninc999i;p0p100;2013;31526.5;999;i
AD;agninc999i;p0p100;2014;32880.0;999;i
AD;agninc999i;p0p100;2015;33667.801;999;i
AD;agninc999i;p0p100;2016;34620.699;999;i
AD;agninc999i;p0p100;2017;35353.0;999;i
AD;agninc999i;p0p100;2018;35926.602;999;i
AD;agninc999i;p0p100;2019;36447.602;999;i
AD;ansrnf999i;p0p100;2012;4181.7998;999;i
AD;ansrnf999i;p0p100;2013;830.20001;999;i
AD;ansrnf999i;p0p100;2014;2507.6001;999;i
AD;ansrnf999i;p0p100;2015;3693.2;999;i
AD;medugo999i;p0p100;2004;46970028.0;999;i
AD;medugo999i;p0p100;2005;53751432.0;999;i
AD;medugo999i;p0p100;2006;54258664.0;999;i
AD;medugo999i;p0p100;2007;56650804.0;999;i
AD;medugo999i;p0p100;2008;59317260.0;999;i
AD;medugo999i;p0p100;2009;59835304.0;999;i
AD;medugo999i;p0p100;2010;61168228.0;999;i
AD;medugo999i;p0p100;2011;62392232.0;999;i
AD;medugo999i;p0p100;2012;62248036.0;999;i
AD;medugo999i;p0p100;2013;63346216.0;999;i
AD;medugo999i;p0p100;2014;63821788.0;999;i
AD;medugo999i;p0p100;2015;64073456.0;999;i
AD;medugo999i;p0p100;2016;64854360.0;999;i
AD;medugo999i;p0p100;2017;65728328.0;999;i
AD;medugo999i;p0p100;2018;67028212.0;999;i
AD;mgpsgo999i;p0p100;2004;46930520.0;999;i
AD;mgpsgo999i;p0p100;2005;56560080.0;999;i
AD;mgpsgo999i;p0p100;2006;50873080.0;999;i
AD;mgpsgo999i;p0p100;2007;57435996.0;999;i
AD;mgpsgo999i;p0p100;2008;62716816.0;999;i
AD;mgpsgo999i;p0p100;2009;53458484.0;999;i
AD;mgpsgo999i;p0p100;2010;46858916.0;999;i
AD;mgpsgo999i;p0p100;2011;51046144.0;999;i
AD;mgpsgo999i;p0p100;2012;61190248.0;999;i
AD;mgpsgo999i;p0p100;2013;59435292.0;999;i
AD;mgpsgo999i;p0p100;2014;56475048.0;999;i
AD;mgpsgo999i;p0p100;2015;59599048.0;999;i
AD;mgpsgo999i;p0p100;2016;122709392.0;999;i
AD;mgpsgo999i;p0p100;2017;121732696.0;999;i
AD;mgpsgo999i;p0p100;2018;129816840.0;999;i
AD;mecogo999i;p0p100;2004;21281974.0;999;i
AD;mecogo999i;p0p100;2005;21571396.0;999;i
AD;mecogo999i;p0p100;2006;21507008.0;999;i
AD;mecogo999i;p0p100;2007;24964466.0;999;i
AD;mecogo999i;p0p100;2008;31273744.0;999;i
AD;mecogo999i;p0p100;2009;28384868.0;999;i
AD;mecogo999i;p0p100;2010;29684566.0;999;i
AD;mecogo999i;p0p100;2011;27858786.0;999;i
AD;mecogo999i;p0p100;2012;35457004.0;999;i
AD;mecogo999i;p0p100;2013;38328020.0;999;i
AD;mecogo999i;p0p100;2014;38299756.0;999;i
AD;mecogo999i;p0p100;2015;36952272.0;999;i
AD;mecogo999i;p0p100;2016;37769936.0;999;i
AD;mecogo999i;p0p100;2017;38602644.0;999;i
AD;mecogo999i;p0p100;2018;42872064.0;999;i
AD;mheago999i;p0p100;2004;10034634.0;999;i
AD;mheago999i;p0p100;2005;10668149.0;999;i
AD;mheago999i;p0p100;2006;11675075.0;999;i
AD;mheago999i;p0p100;2007;13234455.0;999;i
AD;mheago999i;p0p100;2008;20198828.0;999;i
AD;mheago999i;p0p100;2009;21715494.0;999;i
AD;mheago999i;p0p100;2010;31340066.0;999;i
AD;mheago999i;p0p100;2011;61918404.0;999;i
AD;mheago999i;p0p100;2012;43644724.0;999;i
AD;mheago999i;p0p100;2013;53230760.0;999;i
AD;mheago999i;p0p100;2014;51905004.0;999;i
AD;mheago999i;p0p100;2015;67775912.0;999;i
AD;mheago999i;p0p100;2016;65719808.0;999;i
AD;mheago999i;p0p100;2017;59125564.0;999;i
AD;mheago999i;p0p100;2018;61753448.0;999;i
AD;apolgo999i;p0p100;2004;373.0;999;i
AD;apolgo999i;p0p100;2005;396.79999;999;i
AD;apolgo999i;p0p100;2006;371.60001;999;i
AD;apolgo999i;p0p100;2007;398.5;999;i
AD;apolgo999i;p0p100;2008;406.79999;999;i
AD;apolgo999i;p0p100;2009;417.20001;999;i
AD;apolgo999i;p0p100;2010;421.29999;999;i
AD;apolgo999i;p0p100;2011;420.60001;999;i
AD;apolgo999i;p0p100;2012;400.39999;999;i
AD;apolgo999i;p0p100;2013;393.39999;999;i
AD;apolgo999i;p0p100;2014;415.0;999;i
AD;apolgo999i;p0p100;2015;429.10001;999;i
AD;apolgo999i;p0p100;2016;447.79999;999;i
AD;apolgo999i;p0p100;2017;464.60001;999;i
AD;apolgo999i;p0p100;2018;483.89999;999;i
AD;mgdpro999i;p0p100;1970;824559959.0;999;i
AD;mgdpro999i;p0p100;1971;862898038.0;999;i
AD;mgdpro999i;p0p100;1972;933221915.0;999;i
AD;mgdpro999i;p0p100;1973;1005904630.0;999;i
AD;mgdpro999i;p0p100;1974;1062424776.0;999;i
AD;mgdpro999i;p0p100;1975;1068184280.0;999;i
AD;mgdpro999i;p0p100;1976;1103475778.0;999;i
AD;mgdpro999i;p0p100;1977;1134797763.0;999;i
AD;mgdpro999i;p0p100;1978;1151400637.0;999;i
AD;mgdpro999i;p0p100;1979;1151879691.0;999;i
AD;mgdpro999i;p0p100;1980;1177321484.0;999;i
AD;mgdpro999i;p0p100;1981;1175761552.0;999;i
AD;mgdpro999i;p0p100;1982;1190417180.0;999;i
AD;mgdpro999i;p0p100;1983;1211488753.0;999;i
AD;mgdpro999i;p0p100;1984;1233110651.0;999;i
AD;mgdpro999i;p0p100;1985;1261735608.0;999;i
AD;mgdpro999i;p0p100;1986;1302783342.0;999;i
AD;mgdpro999i;p0p100;1987;1375051594.0;999;i
AD;mgdpro999i;p0p100;1988;1445099814.0;999;i
AD;mgdpro999i;p0p100;1989;1514856457.0;999;i
AD;mgdpro999i;p0p100;1990;1572137671.0;999;i
AD;mgdpro999i;p0p100;1991;1612164236.0;999;i
AD;mgdpro999i;p0p100;1992;1627145489.0;999;i
AD;mgdpro999i;p0p100;1993;1610360990.0;999;i
AD;mgdpro999i;p0p100;1994;1648738270.0;999;i
AD;mgdpro999i;p0p100;1995;1694203795.0;999;i
AD;mgdpro999i;p0p100;1996;1772980023.0;999;i
AD;mgdpro999i;p0p100;1997;1933747686.0;999;i
AD;mgdpro999i;p0p100;1998;1995528232.0;999;i
AD;mgdpro999i;p0p100;1999;2077324636.0;999;i
AD;mgdpro999i;p0p100;2000;2150621659.0;999;i
AD;mgdpro999i;p0p100;2001;2248405817.0;999;i
AD;mgdpro999i;p0p100;2002;2393901839.0;999;i
AD;mgdpro999i;p0p100;2003;2685206225.0;999;i
AD;mgdpro999i;p0p100;2004;2890565694.0;999;i
AD;mgdpro999i;p0p100;2005;3104384966.0;999;i
AD;mgdpro999i;p0p100;2006;3245205525.0;999;i
AD;mgdpro999i;p0p100;2007;3246504076.0;999;i
AD;mgdpro999i;p0p100;2008;2967631277.0;999;i
AD;mgdpro999i;p0p100;2009;2858104721.0;999;i
AD;mgdpro999i;p0p100;2010;2704947930.0;999;i
AD;mgdpro999i;p0p100;2011;2579261005.0;999;i
AD;mgdpro999i;p0p100;2012;2537596719.0;999;i
AD;mgdpro999i;p0p100;2013;2546524180.0;999;i
AD;mgdpro999i;p0p100;2014;2604525141.0;999;i
AD;mgdpro999i;p0p100;2015;2626456529.0;999;i
AD;mgdpro999i;p0p100;2016;2676075560.0;999;i
AD;mgdpro999i;p0p100;2017;2722214210.0;999;i
AD;mgdpro999i;p0p100;2018;2766566471.0;999;i
AD;mgdpro999i;p0p100;2019;2811641344.0;999;i
AD;mptfrr999i;p0p100;1970;0.0;999;i
AD;mptfrr999i;p0p100;1971;0.0;999;i
AD;mptfrr999i;p0p100;1972;0.0;999;i
AD;mptfrr999i;p0p100;1973;0.0;999;i
AD;mptfrr999i;p0p100;1974;0.0;999;i
AD;mptfrr999i;p0p100;1975;0.0;999;i
AD;mptfrr999i;p0p100;1976;0.0;999;i
AD;mptfrr999i;p0p100;1977;0.0;999;i
AD;mptfrr999i;p0p100;1978;0.0;999;i
AD;mptfrr999i;p0p100;1979;0.0;999;i
AD;mptfrr999i;p0p100;1980;0.0;999;i
AD;mptfrr999i;p0p100;1981;0.0;999;i
AD;mptfrr999i;p0p100;1982;0.0;999;i
AD;mptfrr999i;p0p100;1983;0.0;999;i
AD;mptfrr999i;p0p100;1984;0.0;999;i
AD;mptfrr999i;p0p100;1985;0.0;999;i
AD;mptfrr999i;p0p100;1986;0.0;999;i
AD;mptfrr999i;p0p100;1987;0.0;999;i
AD;mptfrr999i;p0p100;1988;0.0;999;i
AD;mptfrr999i;p0p100;1989;0.0;999;i
AD;mptfrr999i;p0p100;1990;0.0;999;i
AD;mptfrr999i;p0p100;1991;0.0;999;i
AD;mptfrr999i;p0p100;1992;0.0;999;i
AD;mptfrr999i;p0p100;1993;0.0;999;i
AD;mptfrr999i;p0p100;1994;0.0;999;i
AD;mptfrr999i;p0p100;1995;0.0;999;i
AD;mptfrr999i;p0p100;1996;0.0;999;i
AD;mptfrr999i;p0p100;1997;0.0;999;i
AD;mptfrr999i;p0p100;1998;0.0;999;i
AD;mptfrr999i;p0p100;1999;0.0;999;i
AD;mptfrr999i;p0p100;2000;0.0;999;i
AD;mptfrr999i;p0p100;2001;0.0;999;i
AD;mptfrr999i;p0p100;2002;0.0;999;i
AD;mptfrr999i;p0p100;2003;0.0;999;i
AD;mptfrr999i;p0p100;2004;0.0;999;i
AD;mptfrr999i;p0p100;2005;0.0;999;i
AD;mptfrr999i;p0p100;2006;0.0;999;i
AD;mptfrr999i;p0p100;2007;0.0;999;i
AD;mptfrr999i;p0p100;2008;0.0;999;i
AD;mptfrr999i;p0p100;2009;0.0;999;i
AD;mptfrr999i;p0p100;2010;0.0;999;i
AD;mptfrr999i;p0p100;2011;0.0;999;i
AD;mptfrr999i;p0p100;2012;0.0;999;i
AD;mptfrr999i;p0p100;2013;0.0;999;i
AD;mptfrr999i;p0p100;2014;0.0;999;i
AD;mptfrr999i;p0p100;2015;0.0;999;i
AD;mptfrr999i;p0p100;2016;0.0;999;i
AD;mptfrr999i;p0p100;2017;0.0;999;i
AD;mptfrr999i;p0p100;2018;0.0;999;i
AD;mptfrr999i;p0p100;2019;0.0;999;i
AD;mnninc999i;p0p100;1970;708781888.0;999;i
AD;mnninc999i;p0p100;1971;739675200.0;999;i
AD;mnninc999i;p0p100;1972;802169600.0;999;i
AD;mnninc999i;p0p100;1973;867210176.0;999;i
AD;mnninc999i;p0p100;1974;917033344.0;999;i
AD;mnninc999i;p0p100;1975;917467712.0;999;i
AD;mnninc999i;p0p100;1976;948581952.0;999;i
AD;mnninc999i;p0p100;1977;976778880.0;999;i
AD;mnninc999i;p0p100;1978;991230976.0;999;i
AD;mnninc999i;p0p100;1979;990330752.0;999;i
AD;mnninc999i;p0p100;1980;1014755328.0;999;i
AD;mnninc999i;p0p100;1981;1012269568.0;999;i
AD;mnninc999i;p0p100;1982;1025612544.0;999;i
AD;mnninc999i;p0p100;1983;1044588096.0;999;i
AD;mnninc999i;p0p100;1984;1063005248.0;999;i
AD;mnninc999i;p0p100;1985;1087019136.0;999;i
AD;mnninc999i;p0p100;1986;1121888384.0;999;i
AD;mnninc999i;p0p100;1987;1186605696.0;999;i
AD;mnninc999i;p0p100;1988;1248489728.0;999;i
AD;mnninc999i;p0p100;1989;1310418048.0;999;i
AD;mnninc999i;p0p100;1990;1361100288.0;999;i
AD;mnninc999i;p0p100;1991;1396226688.0;999;i
AD;mnninc999i;p0p100;1992;1407696768.0;999;i
AD;mnninc999i;p0p100;1993;1387605120.0;999;i
AD;mnninc999i;p0p100;1994;1421203968.0;999;i
AD;mnninc999i;p0p100;1995;1459397248.0;999;i
AD;mnninc999i;p0p100;1996;1527948928.0;999;i
AD;mnninc999i;p0p100;1997;1675962368.0;999;i
AD;mnninc999i;p0p100;1998;1723687168.0;999;i
AD;mnninc999i;p0p100;1999;1790222464.0;999;i
AD;mnninc999i;p0p100;2000;1846325120.0;999;i
AD;mnninc999i;p0p100;2001;1923672320.0;999;i
AD;mnninc999i;p0p100;2002;2044539392.0;999;i
AD;mnninc999i;p0p100;2003;2307854592.0;999;i
AD;mnninc999i;p0p100;2004;2485768192.0;999;i
AD;mnninc999i;p0p100;2005;2677670912.0;999;i
AD;mnninc999i;p0p100;2006;2807355904.0;999;i
AD;mnninc999i;p0p100;2007;2811098368.0;999;i
AD;mnninc999i;p0p100;2008;2546212096.0;999;i
AD;mnninc999i;p0p100;2009;2455725056.0;999;i
AD;mnninc999i;p0p100;2010;2321475840.0;999;i
AD;mnninc999i;p0p100;2011;2210634496.0;999;i
AD;mnninc999i;p0p100;2012;2177665280.0;999;i
AD;mnninc999i;p0p100;2013;2189132544.0;999;i
AD;mnninc999i;p0p100;2014;2244851712.0;999;i
AD;mnninc999i;p0p100;2015;2261511168.0;999;i
AD;mnninc999i;p0p100;2016;2304142592.0;999;i
AD;mnninc999i;p0p100;2017;2342521344.0;999;i
AD;mnninc999i;p0p100;2018;2378864384.0;999;i
AD;mnninc999i;p0p100;2019;2415813376.0;999;i
AD;mrecgo999i;p0p100;2004;14604291.0;999;i
AD;mrecgo999i;p0p100;2005;15886088.0;999;i
AD;mrecgo999i;p0p100;2006;14778692.0;999;i
AD;mrecgo999i;p0p100;2007;15204833.0;999;i
AD;mrecgo999i;p0p100;2008;16220567.0;999;i
AD;mrecgo999i;p0p100;2009;15980292.0;999;i
AD;mrecgo999i;p0p100;2010;15387532.0;999;i
AD;mrecgo999i;p0p100;2011;14961319.0;999;i
AD;mrecgo999i;p0p100;2012;14449850.0;999;i
AD;mrecgo999i;p0p100;2013;13935412.0;999;i
AD;mrecgo999i;p0p100;2014;13216856.0;999;i
AD;mrecgo999i;p0p100;2015;13932732.0;999;i
AD;mrecgo999i;p0p100;2016;14742597.0;999;i
AD;mrecgo999i;p0p100;2017;16145514.0;999;i
AD;mrecgo999i;p0p100;2018;13597544.0;999;i
AD;acfcnf999i;p0p100;2012;2566.5;999;i
AD;acfcnf999i;p0p100;2013;2600.6001;999;i
AD;acfcnf999i;p0p100;2014;2668.8;999;i
AD;acfcnf999i;p0p100;2015;2749.6001;999;i
AD;agdpro999i;p0p100;1970;33966.102;999;i
AD;agdpro999i;p0p100;1971;33761.0;999;i
AD;agdpro999i;p0p100;1972;34702.602;999;i
AD;agdpro999i;p0p100;1973;35629.898;999;i
AD;agdpro999i;p0p100;1974;35990.0;999;i
AD;agdpro999i;p0p100;1975;34788.602;999;i
AD;agdpro999i;p0p100;1976;34725.602;999;i
AD;agdpro999i;p0p100;1977;34628.102;999;i
AD;agdpro999i;p0p100;1978;34128.699;999;i
AD;agdpro999i;p0p100;1979;33082.898;999;i
AD;agdpro999i;p0p100;1980;32642.6;999;i
AD;agdpro999i;p0p100;1981;31353.6;999;i
AD;agdpro999i;p0p100;1982;30434.6;999;i
AD;agdpro999i;p0p100;1983;29644.699;999;i
AD;agdpro999i;p0p100;1984;28874.4;999;i
AD;agdpro999i;p0p100;1985;28290.0;999;i
AD;agdpro999i;p0p100;1986;28006.6;999;i
AD;agdpro999i;p0p100;1987;28377.9;999;i
AD;agdpro999i;p0p100;1988;28653.301;999;i
AD;agdpro999i;p0p100;1989;28883.0;999;i
AD;agdpro999i;p0p100;1990;28841.801;999;i
AD;agdpro999i;p0p100;1991;28447.801;999;i
AD;agdpro999i;p0p100;1992;27631.199;999;i
AD;agdpro999i;p0p100;1993;26411.9;999;i
AD;agdpro999i;p0p100;1994;26305.301;999;i
AD;agdpro999i;p0p100;1995;26534.1;999;i
AD;agdpro999i;p0p100;1996;27547.9;999;i
AD;agdpro999i;p0p100;1997;30061.199;999;i
AD;agdpro999i;p0p100;1998;31111.1;999;i
AD;agdpro999i;p0p100;1999;32271.6;999;i
AD;agdpro999i;p0p100;2000;32889.199;999;i
AD;agdpro999i;p0p100;2001;33388.398;999;i
AD;agdpro999i;p0p100;2002;34174.699;999;i
AD;agdpro999i;p0p100;2003;36692.199;999;i
AD;agdpro999i;p0p100;2004;37912.0;999;i
AD;agdpro999i;p0p100;2005;39362.301;999;i
AD;agdpro999i;p0p100;2006;40067.699;999;i
AD;agdpro999i;p0p100;2007;39264.0;999;i
AD;agdpro999i;p0p100;2008;35387.102;999;i
AD;agdpro999i;p0p100;2009;33838.5;999;i
AD;agdpro999i;p0p100;2010;32030.6;999;i
AD;agdpro999i;p0p100;2011;30798.301;999;i
AD;agdpro999i;p0p100;2012;30786.0;999;i
AD;agdpro999i;p0p100;2013;31526.5;999;i
AD;agdpro999i;p0p100;2014;32880.0;999;i
AD;agdpro999i;p0p100;2015;33667.801;999;i
AD;agdpro999i;p0p100;2016;34620.699;999;i
AD;agdpro999i;p0p100;2017;35353.0;999;i
AD;agdpro999i;p0p100;2018;35926.602;999;i
AD;agdpro999i;p0p100;2019;36447.602;999;i
AD;acomnx999i;p0p100;1996;10720.1;999;i
AD;acomnx999i;p0p100;1997;11214.0;999;i
AD;acomnx999i;p0p100;1998;12104.0;999;i
AD;acomnx999i;p0p100;1999;12872.9;999;i
AD;acomnx999i;p0p100;2000;27580.801;999;i
AD;acomnx999i;p0p100;2001;27181.801;999;i
AD;acomnx999i;p0p100;2002;27683.1;999;i
AD;acomnx999i;p0p100;2003;24089.1;999;i
AD;acomnx999i;p0p100;2004;24376.801;999;i
AD;acomnx999i;p0p100;2005;24907.801;999;i
AD;acomnx999i;p0p100;2006;25537.6;999;i
AD;acomnx999i;p0p100;2007;25254.1;999;i
AD;aenvgo999i;p0p100;2004;159.39999;999;i
AD;aenvgo999i;p0p100;2005;139.0;999;i
AD;aenvgo999i;p0p100;2006;145.3;999;i
AD;aenvgo999i;p0p100;2007;160.7;999;i
AD;aenvgo999i;p0p100;2008;187.10001;999;i
AD;aenvgo999i;p0p100;2009;202.3;999;i
AD;aenvgo999i;p0p100;2010;185.8;999;i
AD;aenvgo999i;p0p100;2011;190.3;999;i
AD;aenvgo999i;p0p100;2012;198.89999;999;i
AD;aenvgo999i;p0p100;2013;191.60001;999;i
AD;aenvgo999i;p0p100;2014;188.5;999;i
AD;aenvgo999i;p0p100;2015;193.5;999;i
AD;aenvgo999i;p0p100;2016;214.10001;999;i
AD;aenvgo999i;p0p100;2017;222.39999;999;i
AD;aenvgo999i;p0p100;2018;231.89999;999;i
AD;inyixx999i;p0p100;1970;0.040112413;999;i
AD;inyixx999i;p0p100;1971;0.043259572;999;i
AD;inyixx999i;p0p100;1972;0.046944465;999;i
AD;inyixx999i;p0p100;1973;0.052507125;999;i
AD;inyixx999i;p0p100;1974;0.06087948;999;i
AD;inyixx999i;p0p100;1975;0.071096152;999;i
AD;inyixx999i;p0p100;1976;0.082819797;999;i
AD;inyixx999i;p0p100;1977;0.10218564;999;i
AD;inyixx999i;p0p100;1978;0.12326761;999;i
AD;inyixx999i;p0p100;1979;0.14413887;999;i
AD;inyixx999i;p0p100;1980;0.16338837;999;i
AD;inyixx999i;p0p100;1981;0.18356873;999;i
AD;inyixx999i;p0p100;1982;0.20850168;999;i
AD;inyixx999i;p0p100;1983;0.23328055;999;i
AD;inyixx999i;p0p100;1984;0.25862584;999;i
AD;inyixx999i;p0p100;1985;0.28085592;999;i
AD;inyixx999i;p0p100;1986;0.31140974;999;i
AD;inyixx999i;p0p100;1987;0.32992056;999;i
AD;inyixx999i;p0p100;1988;0.34950504;999;i
AD;inyixx999i;p0p100;1989;0.37360767;999;i
AD;inyixx999i;p0p100;1990;0.40097907;999;i
AD;inyixx999i;p0p100;1991;0.42878756;999;i
AD;inyixx999i;p0p100;1992;0.45756251;999;i
AD;inyixx999i;p0p100;1993;0.47832316;999;i
AD;inyixx999i;p0p100;1994;0.49688148;999;i
AD;inyixx999i;p0p100;1995;0.52139318;999;i
AD;inyixx999i;p0p100;1996;0.52554941;999;i
AD;inyixx999i;p0p100;1997;0.53725952;999;i
AD;inyixx999i;p0p100;1998;0.54531616;999;i
AD;inyixx999i;p0p100;1999;0.56021404;999;i
AD;inyixx999i;p0p100;2000;0.72394383;999;i
AD;inyixx999i;p0p100;2001;0.74399352;999;i
AD;inyixx999i;p0p100;2002;0.76929229;999;i
AD;inyixx999i;p0p100;2003;0.79144692;999;i
AD;inyixx999i;p0p100;2004;0.81796336;999;i
AD;inyixx999i;p0p100;2005;0.84331685;999;i
AD;inyixx999i;p0p100;2006;0.87030733;999;i
AD;inyixx999i;p0p100;2007;0.90398663;999;i
AD;inyixx999i;p0p100;2008;0.92188609;999;i
AD;inyixx999i;p0p100;2009;0.92188609;999;i
AD;inyixx999i;p0p100;2010;0.93663543;999;i
AD;inyixx999i;p0p100;2011;0.96005034;999;i
AD;inyixx999i;p0p100;2012;0.97061008;999;i
AD;inyixx999i;p0p100;2013;0.9706133;999;i
AD;inyixx999i;p0p100;2014;0.96963912;999;i
AD;inyixx999i;p0p100;2015;0.96522301;999;i
AD;inyixx999i;p0p100;2016;0.97197825;999;i
AD;inyixx999i;p0p100;2017;0.98231781;999;i
AD;inyixx999i;p0p100;2018;0.99111944;999;i
AD;inyixx999i;p0p100;2019;1.0;999;i
AD;mptfrn999i;p0p100;1970;0.0;999;i
AD;mptfrn999i;p0p100;1971;-1088.0;999;i
AD;mptfrn999i;p0p100;1972;-2351.0;999;i
AD;mptfrn999i;p0p100;1973;-3880.0;999;i
AD;mptfrn999i;p0p100;1974;-5620.0;999;i
AD;mptfrn999i;p0p100;1975;-6741.0;999;i
AD;mptfrn999i;p0p100;1976;-8585.0;999;i
AD;mptfrn999i;p0p100;1977;-9611.0;999;i
AD;mptfrn999i;p0p100;1978;-11667.0;999;i
AD;mptfrn999i;p0p100;1979;-14688.0;999;i
AD;mptfrn999i;p0p100;1980;-13019.0;999;i
AD;mptfrn999i;p0p100;1981;-12419.0;999;i
AD;mptfrn999i;p0p100;1982;-12654.0;999;i
AD;mptfrn999i;p0p100;1983;-13347.0;999;i
AD;mptfrn999i;p0p100;1984;-17328.0;999;i
AD;mptfrn999i;p0p100;1985;-19177.0;999;i
AD;mptfrn999i;p0p100;1986;-23274.0;999;i
AD;mptfrn999i;p0p100;1987;-26082.0;999;i
AD;mptfrn999i;p0p100;1988;-29944.0;999;i
AD;mptfrn999i;p0p100;1989;-33229.0;999;i
AD;mptfrn999i;p0p100;1990;-39619.0;999;i
AD;mptfrn999i;p0p100;1991;-41364.0;999;i
AD;mptfrn999i;p0p100;1992;-43107.0;999;i
AD;mptfrn999i;p0p100;1993;-46096.0;999;i
AD;mptfrn999i;p0p100;1994;-51519.0;999;i
AD;mptfrn999i;p0p100;1995;-56968.0;999;i
AD;mptfrn999i;p0p100;1996;-57599.0;999;i
AD;mptfrn999i;p0p100;1997;-59589.0;999;i
AD;mptfrn999i;p0p100;1998;-87071.0;999;i
AD;mptfrn999i;p0p100;1999;-83146.0;999;i
AD;mptfrn999i;p0p100;2000;-106186.0;999;i
AD;mptfrn999i;p0p100;2001;-82290.0;999;i
AD;mptfrn999i;p0p100;2002;-1159701.0;999;i
AD;mptfrn999i;p0p100;2003;-18382.0;999;i
AD;mptfrn999i;p0p100;2004;-357812.0;999;i
AD;mptfrn999i;p0p100;2005;-639155.0;999;i
AD;mptfrn999i;p0p100;2006;-847359.0;999;i
AD;mptfrn999i;p0p100;2007;-998695.0;999;i
AD;mptfrn999i;p0p100;2008;-1835570.0;999;i
AD;mptfrn999i;p0p100;2009;-4233614.0;999;i
AD;mptfrn999i;p0p100;2010;-577329.0;999;i
AD;mptfrn999i;p0p100;2011;-888017.0;999;i
AD;mptfrn999i;p0p100;2012;-745232.0;999;i
AD;mptfrn999i;p0p100;2013;-1861937.0;999;i
AD;mptfrn999i;p0p100;2014;-4714117.0;999;i
AD;mptfrn999i;p0p100;2015;-3376439.0;999;i
AD;mptfrn999i;p0p100;2016;-3709442.0;999;i
AD;mptfrn999i;p0p100;2017;-4122600.0;999;i
AD;mptfrn999i;p0p100;2018;-3876640.0;999;i
AD;mptfrn999i;p0p100;2019;-3939801.0;999;i
