country;variable;percentile;year;value;age;pop
SM;mflcir999i;p0p100;2012;26438132.0;999;i
SM;mgsrnf999i;p0p100;2007;708315648.0;999;i
SM;mgsrnf999i;p0p100;2008;709356928.0;999;i
SM;mgsrnf999i;p0p100;2009;590773760.0;999;i
SM;mgsrnf999i;p0p100;2010;529391104.0;999;i
SM;mgsrnf999i;p0p100;2011;438400736.0;999;i
SM;mgsrnf999i;p0p100;2012;386104576.0;999;i
SM;mspigo999i;p0p100;1997;17726548.0;999;i
SM;mspigo999i;p0p100;1998;17792574.0;999;i
SM;mspigo999i;p0p100;1999;12615071.0;999;i
SM;mspigo999i;p0p100;2000;7116933.0;999;i
SM;mspigo999i;p0p100;2001;8658221.0;999;i
SM;mspigo999i;p0p100;2002;8464781.0;999;i
SM;mspigo999i;p0p100;2003;9915590.0;999;i
SM;mspigo999i;p0p100;2004;8104449.0;999;i
SM;mspigo999i;p0p100;2005;9551767.0;999;i
SM;mspigo999i;p0p100;2006;10930979.0;999;i
SM;agsrhn999i;p0p100;2007;0.0;999;i
SM;agsrhn999i;p0p100;2008;0.0;999;i
SM;agsrhn999i;p0p100;2009;-1.9;999;i
SM;agsrhn999i;p0p100;2010;0.0;999;i
SM;agsrhn999i;p0p100;2011;0.0;999;i
SM;agsrhn999i;p0p100;2012;0.0;999;i
SM;ansrgo999i;p0p100;2007;0.0;999;i
SM;ansrgo999i;p0p100;2008;0.0;999;i
SM;ansrgo999i;p0p100;2009;0.0;999;i
SM;ansrgo999i;p0p100;2010;0.0;999;i
SM;ansrgo999i;p0p100;2011;1.8;999;i
SM;ansrgo999i;p0p100;2012;0.0;999;i
SM;wlabsh999i;p0p100;2012;0.8627122;999;i
SM;xlcusx999i;p0p100;1999;0.9386273;999;i
SM;xlcusx999i;p0p100;2000;1.0854008;999;i
SM;xlcusx999i;p0p100;2001;1.11751;999;i
SM;xlcusx999i;p0p100;2002;1.0625516;999;i
SM;xlcusx999i;p0p100;2003;0.88603419;999;i
SM;xlcusx999i;p0p100;2004;0.80536503;999;i
SM;xlcusx999i;p0p100;2005;0.80412;999;i
SM;xlcusx999i;p0p100;2006;0.79714084;999;i
SM;xlcusx999i;p0p100;2007;0.73063749;999;i
SM;xlcusx999i;p0p100;2008;0.68267471;999;i
SM;xlcusx999i;p0p100;2009;0.71984339;999;i
SM;xlcusx999i;p0p100;2010;0.75504494;999;i
SM;xlcusx999i;p0p100;2011;0.71935523;999;i
SM;xlcusx999i;p0p100;2012;0.77829361;999;i
SM;xlcusx999i;p0p100;2013;0.75315917;999;i
SM;xlcusx999i;p0p100;2014;0.75373071;999;i
SM;xlcusx999i;p0p100;2015;0.90165895;999;i
SM;xlcusx999i;p0p100;2016;0.90403515;999;i
SM;xlcusx999i;p0p100;2017;0.88739741;999;i
SM;xlcusx999i;p0p100;2018;0.84718639;999;i
SM;xlcusx999i;p0p100;2019;0.89127302;999;i
SM;acomrx999i;p0p100;2012;769.0;999;i
SM;aptfrp999i;p0p100;1970;0.0;999;i
SM;aptfrp999i;p0p100;1971;0.0;999;i
SM;aptfrp999i;p0p100;1972;0.0;999;i
SM;aptfrp999i;p0p100;1973;0.0;999;i
SM;aptfrp999i;p0p100;1974;0.0;999;i
SM;aptfrp999i;p0p100;1975;0.0;999;i
SM;aptfrp999i;p0p100;1976;0.0;999;i
SM;aptfrp999i;p0p100;1977;0.0;999;i
SM;aptfrp999i;p0p100;1978;0.0;999;i
SM;aptfrp999i;p0p100;1979;0.1;999;i
SM;aptfrp999i;p0p100;1980;0.1;999;i
SM;aptfrp999i;p0p100;1981;0.1;999;i
SM;aptfrp999i;p0p100;1982;0.1;999;i
SM;aptfrp999i;p0p100;1983;0.1;999;i
SM;aptfrp999i;p0p100;1984;0.1;999;i
SM;aptfrp999i;p0p100;1985;0.1;999;i
SM;aptfrp999i;p0p100;1986;0.1;999;i
SM;aptfrp999i;p0p100;1987;0.1;999;i
SM;aptfrp999i;p0p100;1988;0.1;999;i
SM;aptfrp999i;p0p100;1989;0.1;999;i
SM;aptfrp999i;p0p100;1990;0.1;999;i
SM;aptfrp999i;p0p100;1991;0.1;999;i
SM;aptfrp999i;p0p100;1992;0.2;999;i
SM;aptfrp999i;p0p100;1993;0.2;999;i
SM;aptfrp999i;p0p100;1994;0.2;999;i
SM;aptfrp999i;p0p100;1995;0.2;999;i
SM;aptfrp999i;p0p100;1996;0.2;999;i
SM;aptfrp999i;p0p100;1997;0.2;999;i
SM;aptfrp999i;p0p100;1998;0.40000001;999;i
SM;aptfrp999i;p0p100;1999;0.30000001;999;i
SM;aptfrp999i;p0p100;2000;0.40000001;999;i
SM;aptfrp999i;p0p100;2001;0.30000001;999;i
SM;aptfrp999i;p0p100;2002;112.7;999;i
SM;aptfrp999i;p0p100;2003;72.5;999;i
SM;aptfrp999i;p0p100;2004;96.5;999;i
SM;aptfrp999i;p0p100;2005;16.6;999;i
SM;aptfrp999i;p0p100;2006;40.200001;999;i
SM;aptfrp999i;p0p100;2007;28.5;999;i
SM;aptfrp999i;p0p100;2008;32.099998;999;i
SM;aptfrp999i;p0p100;2009;37.5;999;i
SM;aptfrp999i;p0p100;2010;45.299999;999;i
SM;aptfrp999i;p0p100;2011;47.700001;999;i
SM;aptfrp999i;p0p100;2012;46.299999;999;i
SM;aptfrp999i;p0p100;2013;50.700001;999;i
SM;aptfrp999i;p0p100;2014;49.900002;999;i
SM;aptfrp999i;p0p100;2015;45.799999;999;i
SM;aptfrp999i;p0p100;2016;50.200001;999;i
SM;aptfrp999i;p0p100;2017;55.400002;999;i
SM;aptfrp999i;p0p100;2018;51.599998;999;i
SM;aptfrp999i;p0p100;2019;51.900002;999;i
SM;mcfcho999i;p0p100;2007;8462933.0;999;i
SM;mcfcho999i;p0p100;2008;8612350.0;999;i
SM;mcfcho999i;p0p100;2009;7787625.0;999;i
SM;mcfcho999i;p0p100;2010;7706591.0;999;i
SM;mcfcho999i;p0p100;2011;6907739.0;999;i
SM;mcfcho999i;p0p100;2012;6836639.0;999;i
SM;mgmxhn999i;p0p100;2007;334864512.0;999;i
SM;mgmxhn999i;p0p100;2008;326180832.0;999;i
SM;mgmxhn999i;p0p100;2009;252424400.0;999;i
SM;mgmxhn999i;p0p100;2010;242726496.0;999;i
SM;mgmxhn999i;p0p100;2011;227764080.0;999;i
SM;mgmxhn999i;p0p100;2012;218153440.0;999;i
SM;mnsrnp999i;p0p100;2007;3665931.0;999;i
SM;mnsrnp999i;p0p100;2008;3861899.0;999;i
SM;mnsrnp999i;p0p100;2009;3885299.0;999;i
SM;mnsrnp999i;p0p100;2010;3793145.0;999;i
SM;mnsrnp999i;p0p100;2011;3953787.0;999;i
SM;mnsrnp999i;p0p100;2012;4286633.0;999;i
SM;mtpigo999i;p0p100;1997;222666976.0;999;i
SM;mtpigo999i;p0p100;1998;243068464.0;999;i
SM;mtpigo999i;p0p100;1999;260114064.0;999;i
SM;mtpigo999i;p0p100;2000;254430320.0;999;i
SM;mtpigo999i;p0p100;2001;264941568.0;999;i
SM;mtpigo999i;p0p100;2002;253943424.0;999;i
SM;mtpigo999i;p0p100;2003;275983936.0;999;i
SM;mtpigo999i;p0p100;2004;283655680.0;999;i
SM;mtpigo999i;p0p100;2005;286552992.0;999;i
SM;mtpigo999i;p0p100;2006;282643904.0;999;i
SM;acfchn999i;p0p100;2007;299.29999;999;i
SM;acfchn999i;p0p100;2008;312.29999;999;i
SM;acfchn999i;p0p100;2009;286.29999;999;i
SM;acfchn999i;p0p100;2010;283.10001;999;i
SM;acfchn999i;p0p100;2011;251.39999;999;i
SM;acfchn999i;p0p100;2012;231.3;999;i
SM;mnsrnf999i;p0p100;2007;434496320.0;999;i
SM;mnsrnf999i;p0p100;2008;381559136.0;999;i
SM;mnsrnf999i;p0p100;2009;260370096.0;999;i
SM;mnsrnf999i;p0p100;2010;232482832.0;999;i
SM;mnsrnf999i;p0p100;2011;205870288.0;999;i
SM;mnsrnf999i;p0p100;2012;162088272.0;999;i
SM;agsrnf999i;p0p100;2007;23561.0;999;i
SM;agsrnf999i;p0p100;2008;23308.0;999;i
SM;agsrnf999i;p0p100;2009;19171.0;999;i
SM;agsrnf999i;p0p100;2010;16951.9;999;i
SM;agsrnf999i;p0p100;2011;13846.7;999;i
SM;agsrnf999i;p0p100;2012;12026.3;999;i
SM;mgsrnp999i;p0p100;2007;4200049.0;999;i
SM;mgsrnp999i;p0p100;2008;4754084.0;999;i
SM;mgsrnp999i;p0p100;2009;4921281.0;999;i
SM;mgsrnp999i;p0p100;2010;4928055.0;999;i
SM;mgsrnp999i;p0p100;2011;5007154.0;999;i
SM;mgsrnp999i;p0p100;2012;4876450.0;999;i
SM;mnninc999i;p0p100;1970;384415520.0;999;i
SM;mnninc999i;p0p100;1971;389240800.0;999;i
SM;mnninc999i;p0p100;1972;402891744.0;999;i
SM;mnninc999i;p0p100;1973;434051808.0;999;i
SM;mnninc999i;p0p100;1974;459126400.0;999;i
SM;mnninc999i;p0p100;1975;443235040.0;999;i
SM;mnninc999i;p0p100;1976;478311584.0;999;i
SM;mnninc999i;p0p100;1977;489112832.0;999;i
SM;mnninc999i;p0p100;1978;504397920.0;999;i
SM;mnninc999i;p0p100;1979;537505088.0;999;i
SM;mnninc999i;p0p100;1980;556647168.0;999;i
SM;mnninc999i;p0p100;1981;559587840.0;999;i
SM;mnninc999i;p0p100;1982;560025216.0;999;i
SM;mnninc999i;p0p100;1983;565632960.0;999;i
SM;mnninc999i;p0p100;1984;585301440.0;999;i
SM;mnninc999i;p0p100;1985;602048384.0;999;i
SM;mnninc999i;p0p100;1986;619342208.0;999;i
SM;mnninc999i;p0p100;1987;639444800.0;999;i
SM;mnninc999i;p0p100;1988;668126976.0;999;i
SM;mnninc999i;p0p100;1989;691615104.0;999;i
SM;mnninc999i;p0p100;1990;704616640.0;999;i
SM;mnninc999i;p0p100;1991;712757056.0;999;i
SM;mnninc999i;p0p100;1992;712660992.0;999;i
SM;mnninc999i;p0p100;1993;781077696.0;999;i
SM;mnninc999i;p0p100;1994;836775808.0;999;i
SM;mnninc999i;p0p100;1995;919404608.0;999;i
SM;mnninc999i;p0p100;1996;959965312.0;999;i
SM;mnninc999i;p0p100;1997;1004681408.0;999;i
SM;mnninc999i;p0p100;1998;1083355520.0;999;i
SM;mnninc999i;p0p100;1999;1189805312.0;999;i
SM;mnninc999i;p0p100;2000;1209891072.0;999;i
SM;mnninc999i;p0p100;2001;1282491904.0;999;i
SM;mnninc999i;p0p100;2002;1279043584.0;999;i
SM;mnninc999i;p0p100;2003;1332084608.0;999;i
SM;mnninc999i;p0p100;2004;1399538560.0;999;i
SM;mnninc999i;p0p100;2005;1434086912.0;999;i
SM;mnninc999i;p0p100;2006;1499082368.0;999;i
SM;mnninc999i;p0p100;2007;1633254912.0;999;i
SM;mnninc999i;p0p100;2008;1602287488.0;999;i
SM;mnninc999i;p0p100;2009;1344301824.0;999;i
SM;mnninc999i;p0p100;2010;1300378752.0;999;i
SM;mnninc999i;p0p100;2011;1214513536.0;999;i
SM;mnninc999i;p0p100;2012;835657152.0;999;i
SM;mnninc999i;p0p100;2013;812406848.0;999;i
SM;mnninc999i;p0p100;2014;807735040.0;999;i
SM;mnninc999i;p0p100;2015;814580800.0;999;i
SM;mnninc999i;p0p100;2016;835085952.0;999;i
SM;mnninc999i;p0p100;2017;846657216.0;999;i
SM;mnninc999i;p0p100;2018;854024512.0;999;i
SM;mnninc999i;p0p100;2019;856912384.0;999;i
SM;mcfcfc999i;p0p100;2007;10334797.0;999;i
SM;mcfcfc999i;p0p100;2008;12813215.0;999;i
SM;mcfcfc999i;p0p100;2009;13234737.0;999;i
SM;mcfcfc999i;p0p100;2010;13508285.0;999;i
SM;mcfcfc999i;p0p100;2011;15426694.0;999;i
SM;mcfcfc999i;p0p100;2012;16664656.0;999;i
SM;andpro999i;p0p100;1970;19999.801;999;i
SM;andpro999i;p0p100;1971;20075.301;999;i
SM;andpro999i;p0p100;1972;20667.5;999;i
SM;andpro999i;p0p100;1973;22184.0;999;i
SM;andpro999i;p0p100;1974;23348.6;999;i
SM;andpro999i;p0p100;1975;22350.6;999;i
SM;andpro999i;p0p100;1976;23816.699;999;i
SM;andpro999i;p0p100;1977;23979.6;999;i
SM;andpro999i;p0p100;1978;24296.6;999;i
SM;andpro999i;p0p100;1979;25441.6;999;i
SM;andpro999i;p0p100;1980;25940.0;999;i
SM;andpro999i;p0p100;1981;25710.4;999;i
SM;andpro999i;p0p100;1982;25413.0;999;i
SM;andpro999i;p0p100;1983;25365.801;999;i
SM;andpro999i;p0p100;1984;25956.9;999;i
SM;andpro999i;p0p100;1985;26407.9;999;i
SM;andpro999i;p0p100;1986;26874.199;999;i
SM;andpro999i;p0p100;1987;27449.9;999;i
SM;andpro999i;p0p100;1988;28369.4;999;i
SM;andpro999i;p0p100;1989;29038.699;999;i
SM;andpro999i;p0p100;1990;29206.9;999;i
SM;andpro999i;p0p100;1991;29139.699;999;i
SM;andpro999i;p0p100;1992;28710.9;999;i
SM;andpro999i;p0p100;1993;30984.1;999;i
SM;andpro999i;p0p100;1994;32709.6;999;i
SM;andpro999i;p0p100;1995;35459.898;999;i
SM;andpro999i;p0p100;1996;36567.301;999;i
SM;andpro999i;p0p100;1997;37824.0;999;i
SM;andpro999i;p0p100;1998;40363.5;999;i
SM;andpro999i;p0p100;1999;43831.5;999;i
SM;andpro999i;p0p100;2000;44056.898;999;i
SM;andpro999i;p0p100;2001;46112.898;999;i
SM;andpro999i;p0p100;2002;45396.398;999;i
SM;andpro999i;p0p100;2003;46638.398;999;i
SM;andpro999i;p0p100;2004;48360.0;999;i
SM;andpro999i;p0p100;2005;48904.898;999;i
SM;andpro999i;p0p100;2006;50474.199;999;i
SM;andpro999i;p0p100;2007;54327.699;999;i
SM;andpro999i;p0p100;2008;52647.898;999;i
SM;andpro999i;p0p100;2009;43623.5;999;i
SM;andpro999i;p0p100;2010;41640.102;999;i
SM;andpro999i;p0p100;2011;38359.898;999;i
SM;andpro999i;p0p100;2012;34575.602;999;i
SM;andpro999i;p0p100;2013;33136.398;999;i
SM;andpro999i;p0p100;2014;32524.801;999;i
SM;andpro999i;p0p100;2015;32457.6;999;i
SM;andpro999i;p0p100;2016;33022.699;999;i
SM;andpro999i;p0p100;2017;33328.102;999;i
SM;andpro999i;p0p100;2018;33521.699;999;i
SM;andpro999i;p0p100;2019;33593.699;999;i
SM;mgsmho999i;p0p100;2007;330664480.0;999;i
SM;mgsmho999i;p0p100;2008;321426752.0;999;i
SM;mgsmho999i;p0p100;2009;247443920.0;999;i
SM;mgsmho999i;p0p100;2010;237798448.0;999;i
SM;mgsmho999i;p0p100;2011;222756912.0;999;i
SM;mgsmho999i;p0p100;2012;213277024.0;999;i
SM;msopgo999i;p0p100;1997;56029420.0;999;i
SM;msopgo999i;p0p100;1998;58404544.0;999;i
SM;msopgo999i;p0p100;1999;69603024.0;999;i
SM;msopgo999i;p0p100;2003;51366060.0;999;i
SM;msopgo999i;p0p100;2004;103145312.0;999;i
SM;aptxgo999i;p0p100;1997;7715.5;999;i
SM;aptxgo999i;p0p100;1998;8393.2998;999;i
SM;aptxgo999i;p0p100;1999;9117.7002;999;i
SM;aptxgo999i;p0p100;2000;9005.7002;999;i
SM;aptxgo999i;p0p100;2001;9214.7998;999;i
SM;aptxgo999i;p0p100;2002;8712.5996;999;i
SM;aptxgo999i;p0p100;2003;9315.5;999;i
SM;aptxgo999i;p0p100;2004;9521.5;999;i
SM;aptxgo999i;p0p100;2005;9446.2002;999;i
SM;aptxgo999i;p0p100;2006;9148.5996;999;i
SM;aptxgo999i;p0p100;2007;5912.1001;999;i
SM;aptxgo999i;p0p100;2008;5809.5;999;i
SM;aptxgo999i;p0p100;2009;4574.0;999;i
SM;aptxgo999i;p0p100;2010;4137.3999;999;i
SM;aptxgo999i;p0p100;2011;3479.7;999;i
SM;aptxgo999i;p0p100;2012;3075.0;999;i
SM;ansmho999i;p0p100;2007;10717.5;999;i
SM;ansmho999i;p0p100;2008;10278.5;999;i
SM;ansmho999i;p0p100;2009;7777.0;999;i
SM;ansmho999i;p0p100;2010;7367.8999;999;i
SM;ansmho999i;p0p100;2011;6817.5;999;i
SM;ansmho999i;p0p100;2012;6430.2002;999;i
SM;ansrfc999i;p0p100;2007;400.60001;999;i
SM;ansrfc999i;p0p100;2008;53.0;999;i
SM;ansrfc999i;p0p100;2009;-107.4;999;i
SM;ansrfc999i;p0p100;2010;-387.39999;999;i
SM;ansrfc999i;p0p100;2011;-81.699997;999;i
SM;ansrfc999i;p0p100;2012;-614.59998;999;i
SM;aothgo999i;p0p100;1997;0.0;999;i
SM;aothgo999i;p0p100;1998;0.0;999;i
SM;aothgo999i;p0p100;1999;0.0;999;i
SM;aothgo999i;p0p100;2003;0.0;999;i
SM;aothgo999i;p0p100;2004;0.0;999;i
SM;apinnx999i;p0p100;2012;-3251.8999;999;i
SM;arecgo999i;p0p100;1997;800.5;999;i
SM;arecgo999i;p0p100;1998;852.40002;999;i
SM;arecgo999i;p0p100;1999;950.90002;999;i
SM;arecgo999i;p0p100;2003;648.20001;999;i
SM;arecgo999i;p0p100;2004;729.5;999;i
SM;acompx999i;p0p100;2012;6063.7998;999;i
SM;ansrho999i;p0p100;2007;-122.0;999;i
SM;ansrho999i;p0p100;2008;-138.0;999;i
SM;ansrho999i;p0p100;2009;-140.89999;999;i
SM;ansrho999i;p0p100;2010;-137.2;999;i
SM;ansrho999i;p0p100;2011;-139.0;999;i
SM;ansrho999i;p0p100;2012;-133.5;999;i
SM;ansrnf999i;p0p100;2007;14452.9;999;i
SM;ansrnf999i;p0p100;2008;12537.3;999;i
SM;ansrnf999i;p0p100;2009;8449.2002;999;i
SM;ansrnf999i;p0p100;2010;7444.5;999;i
SM;ansrnf999i;p0p100;2011;6502.2998;999;i
SM;ansrnf999i;p0p100;2012;5048.7002;999;i
SM;mgdpro999i;p0p100;1970;472759898.0;999;i
SM;mgdpro999i;p0p100;1971;481355543.0;999;i
SM;mgdpro999i;p0p100;1972;499119367.0;999;i
SM;mgdpro999i;p0p100;1973;534685853.0;999;i
SM;mgdpro999i;p0p100;1974;564094452.0;999;i
SM;mgdpro999i;p0p100;1975;552304249.0;999;i
SM;mgdpro999i;p0p100;1976;591657447.0;999;i
SM;mgdpro999i;p0p100;1977;606807354.0;999;i
SM;mgdpro999i;p0p100;1978;626469222.0;999;i
SM;mgdpro999i;p0p100;1979;663801074.0;999;i
SM;mgdpro999i;p0p100;1980;686569751.0;999;i
SM;mgdpro999i;p0p100;1981;692366089.0;999;i
SM;mgdpro999i;p0p100;1982;695228759.0;999;i
SM;mgdpro999i;p0p100;1983;703357800.0;999;i
SM;mgdpro999i;p0p100;1984;726046630.0;999;i
SM;mgdpro999i;p0p100;1985;746362278.0;999;i
SM;mgdpro999i;p0p100;1986;767708964.0;999;i
SM;mgdpro999i;p0p100;1987;792213637.0;999;i
SM;mgdpro999i;p0p100;1988;825442393.0;999;i
SM;mgdpro999i;p0p100;1989;853410660.0;999;i
SM;mgdpro999i;p0p100;1990;870927415.0;999;i
SM;mgdpro999i;p0p100;1991;884285281.0;999;i
SM;mgdpro999i;p0p100;1992;891120516.0;999;i
SM;mgdpro999i;p0p100;1993;969108782.0;999;i
SM;mgdpro999i;p0p100;1994;1036772855.0;999;i
SM;mgdpro999i;p0p100;1995;1133110409.0;999;i
SM;mgdpro999i;p0p100;1996;1188160227.0;999;i
SM;mgdpro999i;p0p100;1997;1247797042.0;999;i
SM;mgdpro999i;p0p100;1998;1341545219.0;999;i
SM;mgdpro999i;p0p100;1999;1462230114.0;999;i
SM;mgdpro999i;p0p100;2000;1494555748.0;999;i
SM;mgdpro999i;p0p100;2001;1577527895.0;999;i
SM;mgdpro999i;p0p100;2002;1582913996.0;999;i
SM;mgdpro999i;p0p100;2003;1644335310.0;999;i
SM;mgdpro999i;p0p100;2004;1719763919.0;999;i
SM;mgdpro999i;p0p100;2005;1760708951.0;999;i
SM;mgdpro999i;p0p100;2006;1828596624.0;999;i
SM;mgdpro999i;p0p100;2007;1958978577.0;999;i
SM;mgdpro999i;p0p100;2008;1991304839.0;999;i
SM;mgdpro999i;p0p100;2009;1735926292.0;999;i
SM;mgdpro999i;p0p100;2010;1655109969.0;999;i
SM;mgdpro999i;p0p100;2011;1498867131.0;999;i
SM;mgdpro999i;p0p100;2012;1385723322.0;999;i
SM;mgdpro999i;p0p100;2013;1343699547.0;999;i
SM;mgdpro999i;p0p100;2014;1331607439.0;999;i
SM;mgdpro999i;p0p100;2015;1339597520.0;999;i
SM;mgdpro999i;p0p100;2016;1369067208.0;999;i
SM;mgdpro999i;p0p100;2017;1389602763.0;999;i
SM;mgdpro999i;p0p100;2018;1405307687.0;999;i
SM;mgdpro999i;p0p100;2019;1415711488.0;999;i
SM;mpinpx999i;p0p100;2012;106150184.0;999;i
SM;mconfc999i;p0p100;1970;88344368.0;999;i
SM;mconfc999i;p0p100;1971;92114744.0;999;i
SM;mconfc999i;p0p100;1972;96227608.0;999;i
SM;mconfc999i;p0p100;1973;100634040.0;999;i
SM;mconfc999i;p0p100;1974;104968072.0;999;i
SM;mconfc999i;p0p100;1975;109069200.0;999;i
SM;mconfc999i;p0p100;1976;113345864.0;999;i
SM;mconfc999i;p0p100;1977;117694528.0;999;i
SM;mconfc999i;p0p100;1978;122071328.0;999;i
SM;mconfc999i;p0p100;1979;126296024.0;999;i
SM;mconfc999i;p0p100;1980;129922576.0;999;i
SM;mconfc999i;p0p100;1981;132778272.0;999;i
SM;mconfc999i;p0p100;1982;135203552.0;999;i
SM;mconfc999i;p0p100;1983;137724848.0;999;i
SM;mconfc999i;p0p100;1984;140745216.0;999;i
SM;mconfc999i;p0p100;1985;144313920.0;999;i
SM;mconfc999i;p0p100;1986;148366768.0;999;i
SM;mconfc999i;p0p100;1987;152768816.0;999;i
SM;mconfc999i;p0p100;1988;157315424.0;999;i
SM;mconfc999i;p0p100;1989;161795568.0;999;i
SM;mconfc999i;p0p100;1990;166310816.0;999;i
SM;mconfc999i;p0p100;1991;171528224.0;999;i
SM;mconfc999i;p0p100;1992;178459584.0;999;i
SM;mconfc999i;p0p100;1993;188031072.0;999;i
SM;mconfc999i;p0p100;1994;199997088.0;999;i
SM;mconfc999i;p0p100;1995;213705760.0;999;i
SM;mconfc999i;p0p100;1996;228194912.0;999;i
SM;mconfc999i;p0p100;1997;243115696.0;999;i
SM;mconfc999i;p0p100;1998;258189728.0;999;i
SM;mconfc999i;p0p100;1999;272424800.0;999;i
SM;mconfc999i;p0p100;2000;284664576.0;999;i
SM;mconfc999i;p0p100;2001;295036000.0;999;i
SM;mconfc999i;p0p100;2002;303870496.0;999;i
SM;mconfc999i;p0p100;2003;312250688.0;999;i
SM;mconfc999i;p0p100;2004;320225280.0;999;i
SM;mconfc999i;p0p100;2005;326622048.0;999;i
SM;mconfc999i;p0p100;2006;329514304.0;999;i
SM;mconfc999i;p0p100;2007;325723552.0;999;i
SM;mconfc999i;p0p100;2008;389017280.0;999;i
SM;mconfc999i;p0p100;2009;391624448.0;999;i
SM;mconfc999i;p0p100;2010;354731200.0;999;i
SM;mconfc999i;p0p100;2011;284353632.0;999;i
SM;mconfc999i;p0p100;2012;275674912.0;999;i
SM;mconfc999i;p0p100;2013;265011936.0;999;i
SM;mconfc999i;p0p100;2014;259978944.0;999;i
SM;mconfc999i;p0p100;2015;259669232.0;999;i
SM;mconfc999i;p0p100;2016;262674448.0;999;i
SM;mconfc999i;p0p100;2017;267411328.0;999;i
SM;mconfc999i;p0p100;2018;272775872.0;999;i
SM;mconfc999i;p0p100;2019;278229952.0;999;i
SM;mfinpx999i;p0p100;2012;300829408.0;999;i
SM;mfkpin999i;p0p100;2012;37953872.0;999;i
SM;agsmho999i;p0p100;2007;10999.1;999;i
SM;agsmho999i;p0p100;2008;10561.4;999;i
SM;agsmho999i;p0p100;2009;8029.7002;999;i
SM;agsmho999i;p0p100;2010;7614.7002;999;i
SM;agsmho999i;p0p100;2011;7035.7002;999;i
SM;agsmho999i;p0p100;2012;6643.1001;999;i
SM;ahougo999i;p0p100;1997;937.0;999;i
SM;ahougo999i;p0p100;1998;1071.0;999;i
SM;ahougo999i;p0p100;1999;1085.8;999;i
SM;ahougo999i;p0p100;2003;512.5;999;i
SM;ahougo999i;p0p100;2004;769.0;999;i
SM;mcomnx999i;p0p100;2012;-169989840.0;999;i
SM;mheago999i;p0p100;1997;67401240.0;999;i
SM;mheago999i;p0p100;1998;62710228.0;999;i
SM;mheago999i;p0p100;1999;82803552.0;999;i
SM;mheago999i;p0p100;2003;101376992.0;999;i
SM;mheago999i;p0p100;2004;106768000.0;999;i
SM;aspigo999i;p0p100;1997;667.40002;999;i
SM;aspigo999i;p0p100;1998;662.90002;999;i
SM;aspigo999i;p0p100;1999;464.70001;999;i
SM;aspigo999i;p0p100;2000;259.20001;999;i
SM;aspigo999i;p0p100;2001;311.29999;999;i
SM;aspigo999i;p0p100;2002;300.39999;999;i
SM;aspigo999i;p0p100;2003;347.20001;999;i
SM;aspigo999i;p0p100;2004;280.0;999;i
SM;aspigo999i;p0p100;2005;325.70001;999;i
SM;aspigo999i;p0p100;2006;368.0;999;i
SM;npopul999i;p0p100;1950;12781.0;999;i
SM;npopul999i;p0p100;1951;12922.0;999;i
SM;npopul999i;p0p100;1952;13099.0;999;i
SM;npopul999i;p0p100;1953;13299.0;999;i
SM;npopul999i;p0p100;1954;13529.0;999;i
SM;npopul999i;p0p100;1955;13789.0;999;i
SM;npopul999i;p0p100;1956;14069.0;999;i
SM;npopul999i;p0p100;1957;14379.0;999;i
SM;npopul999i;p0p100;1958;14705.0;999;i
SM;npopul999i;p0p100;1959;15060.0;999;i
SM;npopul999i;p0p100;1960;15432.0;999;i
SM;npopul999i;p0p100;1961;15837.0;999;i
SM;npopul999i;p0p100;1962;16255.0;999;i
SM;npopul999i;p0p100;1963;16679.0;999;i
SM;npopul999i;p0p100;1964;17099.0;999;i
SM;npopul999i;p0p100;1965;17513.0;999;i
SM;npopul999i;p0p100;1966;17918.0;999;i
SM;npopul999i;p0p100;1967;18307.0;999;i
SM;npopul999i;p0p100;1968;18668.0;999;i
SM;npopul999i;p0p100;1969;18977.0;999;i
SM;npopul999i;p0p100;1970;19221.0;999;i
SM;npopul999i;p0p100;1971;19389.0;999;i
SM;npopul999i;p0p100;1972;19494.0;999;i
SM;npopul999i;p0p100;1973;19566.0;999;i
SM;npopul999i;p0p100;1974;19664.0;999;i
SM;npopul999i;p0p100;1975;19831.0;999;i
SM;npopul999i;p0p100;1976;20083.0;999;i
SM;npopul999i;p0p100;1977;20397.0;999;i
SM;npopul999i;p0p100;1978;20760.0;999;i
SM;npopul999i;p0p100;1979;21127.0;999;i
SM;npopul999i;p0p100;1980;21459.0;999;i
SM;npopul999i;p0p100;1981;21765.0;999;i
SM;npopul999i;p0p100;1982;22037.0;999;i
SM;npopul999i;p0p100;1983;22299.0;999;i
SM;npopul999i;p0p100;1984;22549.0;999;i
SM;npopul999i;p0p100;1985;22798.0;999;i
SM;npopul999i;p0p100;1986;23046.0;999;i
SM;npopul999i;p0p100;1987;23295.0;999;i
SM;npopul999i;p0p100;1988;23551.0;999;i
SM;npopul999i;p0p100;1989;23817.0;999;i
SM;npopul999i;p0p100;1990;24125.0;999;i
SM;npopul999i;p0p100;1991;24460.0;999;i
SM;npopul999i;p0p100;1992;24822.0;999;i
SM;npopul999i;p0p100;1993;25209.0;999;i
SM;npopul999i;p0p100;1994;25582.0;999;i
SM;npopul999i;p0p100;1995;25928.0;999;i
SM;npopul999i;p0p100;1996;26252.0;999;i
SM;npopul999i;p0p100;1997;26562.0;999;i
SM;npopul999i;p0p100;1998;26840.0;999;i
SM;npopul999i;p0p100;1999;27145.0;999;i
SM;npopul999i;p0p100;2000;27462.0;999;i
SM;npopul999i;p0p100;2001;27812.0;999;i
SM;npopul999i;p0p100;2002;28175.0;999;i
SM;npopul999i;p0p100;2003;28562.0;999;i
SM;npopul999i;p0p100;2004;28940.0;999;i
SM;npopul999i;p0p100;2005;29324.0;999;i
SM;npopul999i;p0p100;2006;29700.0;999;i
SM;npopul999i;p0p100;2007;30063.0;999;i
SM;npopul999i;p0p100;2008;30434.0;999;i
SM;npopul999i;p0p100;2009;30816.0;999;i
SM;npopul999i;p0p100;2010;31229.0;999;i
SM;npopul999i;p0p100;2011;31661.0;999;i
SM;npopul999i;p0p100;2012;32105.0;999;i
SM;npopul999i;p0p100;2013;32553.0;999;i
SM;npopul999i;p0p100;2014;32948.0;999;i
SM;npopul999i;p0p100;2015;33272.0;999;i
SM;npopul999i;p0p100;2016;33504.0;999;i
SM;npopul999i;p0p100;2017;33671.0;999;i
SM;npopul999i;p0p100;2018;33785.0;999;i
SM;npopul999i;p0p100;2019;33860.0;999;i
SM;acfcfc999i;p0p100;2007;343.79999;999;i
SM;acfcfc999i;p0p100;2008;421.0;999;i
SM;acfcfc999i;p0p100;2009;429.5;999;i
SM;acfcfc999i;p0p100;2010;432.60001;999;i
SM;acfcfc999i;p0p100;2011;487.20001;999;i
SM;acfcfc999i;p0p100;2012;519.09998;999;i
SM;anmxho999i;p0p100;2007;10839.6;999;i
SM;anmxho999i;p0p100;2008;10416.4;999;i
SM;anmxho999i;p0p100;2009;7918.0;999;i
SM;anmxho999i;p0p100;2010;7505.1001;999;i
SM;anmxho999i;p0p100;2011;6956.5;999;i
SM;anmxho999i;p0p100;2012;6563.7002;999;i
SM;medugo999i;p0p100;1997;59984796.0;999;i
SM;medugo999i;p0p100;1998;63739728.0;999;i
SM;medugo999i;p0p100;1999;67165048.0;999;i
SM;medugo999i;p0p100;2003;65970076.0;999;i
SM;medugo999i;p0p100;2004;62932664.0;999;i
SM;mnsrhn999i;p0p100;2007;-2599.0;999;i
SM;mnsrhn999i;p0p100;2008;-337354.0;999;i
SM;mnsrhn999i;p0p100;2009;-457971.0;999;i
SM;mnsrhn999i;p0p100;2010;-491548.0;999;i
SM;mnsrhn999i;p0p100;2011;-447535.0;999;i
SM;mnsrhn999i;p0p100;2012;254.0;999;i
SM;mptfrp999i;p0p100;1970;0.0;999;i
SM;mptfrp999i;p0p100;1971;97.0;999;i
SM;mptfrp999i;p0p100;1972;202.0;999;i
SM;mptfrp999i;p0p100;1973;331.0;999;i
SM;mptfrp999i;p0p100;1974;479.0;999;i
SM;mptfrp999i;p0p100;1975;559.0;999;i
SM;mptfrp999i;p0p100;1976;739.0;999;i
SM;mptfrp999i;p0p100;1977;825.0;999;i
SM;mptfrp999i;p0p100;1978;1019.0;999;i
SM;mptfrp999i;p0p100;1979;1359.0;999;i
SM;mptfrp999i;p0p100;1980;1219.0;999;i
SM;mptfrp999i;p0p100;1981;1174.0;999;i
SM;mptfrp999i;p0p100;1982;1186.0;999;i
SM;mptfrp999i;p0p100;1983;1244.0;999;i
SM;mptfrp999i;p0p100;1984;1638.0;999;i
SM;mptfrp999i;p0p100;1985;1821.0;999;i
SM;mptfrp999i;p0p100;1986;2202.0;999;i
SM;mptfrp999i;p0p100;1987;2412.0;999;i
SM;mptfrp999i;p0p100;1988;2746.0;999;i
SM;mptfrp999i;p0p100;1989;3005.0;999;i
SM;mptfrp999i;p0p100;1990;3523.0;999;i
SM;mptfrp999i;p0p100;1991;3642.0;999;i
SM;mptfrp999i;p0p100;1992;3789.0;999;i
SM;mptfrp999i;p0p100;1993;4453.0;999;i
SM;mptfrp999i;p0p100;1994;5200.0;999;i
SM;mptfrp999i;p0p100;1995;6116.0;999;i
SM;mptfrp999i;p0p100;1996;6196.0;999;i
SM;mptfrp999i;p0p100;1997;6172.0;999;i
SM;mptfrp999i;p0p100;1998;9396.0;999;i
SM;mptfrp999i;p0p100;1999;9395.0;999;i
SM;mptfrp999i;p0p100;2000;11845.0;999;i
SM;mptfrp999i;p0p100;2001;9268.0;999;i
SM;mptfrp999i;p0p100;2002;3175797.0;999;i
SM;mptfrp999i;p0p100;2003;2071952.0;999;i
SM;mptfrp999i;p0p100;2004;2793817.0;999;i
SM;mptfrp999i;p0p100;2005;487396.0;999;i
SM;mptfrp999i;p0p100;2006;1194221.0;999;i
SM;mptfrp999i;p0p100;2007;855384.0;999;i
SM;mptfrp999i;p0p100;2008;977992.0;999;i
SM;mptfrp999i;p0p100;2009;1156887.0;999;i
SM;mptfrp999i;p0p100;2010;1413825.0;999;i
SM;mptfrp999i;p0p100;2011;1509991.0;999;i
SM;mptfrp999i;p0p100;2012;1484953.0;999;i
SM;mptfrp999i;p0p100;2013;1650644.0;999;i
SM;mptfrp999i;p0p100;2014;1644852.0;999;i
SM;mptfrp999i;p0p100;2015;1525220.0;999;i
SM;mptfrp999i;p0p100;2016;1680755.0;999;i
SM;mptfrp999i;p0p100;2017;1863842.0;999;i
SM;mptfrp999i;p0p100;2018;1744035.0;999;i
SM;mptfrp999i;p0p100;2019;1756946.0;999;i
SM;acfcco999i;p0p100;2007;9452.0;999;i
SM;acfcco999i;p0p100;2008;11191.8;999;i
SM;acfcco999i;p0p100;2009;11151.3;999;i
SM;acfcco999i;p0p100;2010;9940.0;999;i
SM;acfcco999i;p0p100;2011;7831.6;999;i
SM;acfcco999i;p0p100;2012;7496.7;999;i
SM;agpsgo999i;p0p100;1997;2455.3;999;i
SM;agpsgo999i;p0p100;1998;2641.8;999;i
SM;agpsgo999i;p0p100;1999;2497.6001;999;i
SM;agpsgo999i;p0p100;2003;4143.2002;999;i
SM;agpsgo999i;p0p100;2004;3722.0;999;i
SM;aptfrr999i;p0p100;1970;0.0;999;i
SM;aptfrr999i;p0p100;1971;0.0;999;i
SM;aptfrr999i;p0p100;1972;0.0;999;i
SM;aptfrr999i;p0p100;1973;0.0;999;i
SM;aptfrr999i;p0p100;1974;0.0;999;i
SM;aptfrr999i;p0p100;1975;0.0;999;i
SM;aptfrr999i;p0p100;1976;0.0;999;i
SM;aptfrr999i;p0p100;1977;0.0;999;i
SM;aptfrr999i;p0p100;1978;0.0;999;i
SM;aptfrr999i;p0p100;1979;0.0;999;i
SM;aptfrr999i;p0p100;1980;0.0;999;i
SM;aptfrr999i;p0p100;1981;0.0;999;i
SM;aptfrr999i;p0p100;1982;0.0;999;i
SM;aptfrr999i;p0p100;1983;0.0;999;i
SM;aptfrr999i;p0p100;1984;0.0;999;i
SM;aptfrr999i;p0p100;1985;0.0;999;i
SM;aptfrr999i;p0p100;1986;0.0;999;i
SM;aptfrr999i;p0p100;1987;0.0;999;i
SM;aptfrr999i;p0p100;1988;0.0;999;i
SM;aptfrr999i;p0p100;1989;0.0;999;i
SM;aptfrr999i;p0p100;1990;0.0;999;i
SM;aptfrr999i;p0p100;1991;0.0;999;i
SM;aptfrr999i;p0p100;1992;0.0;999;i
SM;aptfrr999i;p0p100;1993;0.0;999;i
SM;aptfrr999i;p0p100;1994;0.0;999;i
SM;aptfrr999i;p0p100;1995;0.0;999;i
SM;aptfrr999i;p0p100;1996;0.0;999;i
SM;aptfrr999i;p0p100;1997;0.0;999;i
SM;aptfrr999i;p0p100;1998;0.0;999;i
SM;aptfrr999i;p0p100;1999;0.0;999;i
SM;aptfrr999i;p0p100;2000;0.0;999;i
SM;aptfrr999i;p0p100;2001;0.0;999;i
SM;aptfrr999i;p0p100;2002;0.0;999;i
SM;aptfrr999i;p0p100;2003;0.0;999;i
SM;aptfrr999i;p0p100;2004;0.0;999;i
SM;aptfrr999i;p0p100;2005;0.0;999;i
SM;aptfrr999i;p0p100;2006;0.0;999;i
SM;aptfrr999i;p0p100;2007;0.0;999;i
SM;aptfrr999i;p0p100;2008;0.0;999;i
SM;aptfrr999i;p0p100;2009;0.0;999;i
SM;aptfrr999i;p0p100;2010;0.0;999;i
SM;aptfrr999i;p0p100;2011;0.0;999;i
SM;aptfrr999i;p0p100;2012;0.0;999;i
SM;aptfrr999i;p0p100;2013;0.0;999;i
SM;aptfrr999i;p0p100;2014;0.0;999;i
SM;aptfrr999i;p0p100;2015;0.0;999;i
SM;aptfrr999i;p0p100;2016;0.0;999;i
SM;aptfrr999i;p0p100;2017;0.0;999;i
SM;aptfrr999i;p0p100;2018;0.0;999;i
SM;aptfrr999i;p0p100;2019;0.0;999;i
SM;ansrco999i;p0p100;2007;14853.5;999;i
SM;ansrco999i;p0p100;2008;12590.2;999;i
SM;ansrco999i;p0p100;2009;8341.7998;999;i
SM;ansrco999i;p0p100;2010;7057.1001;999;i
SM;ansrco999i;p0p100;2011;6420.6001;999;i
SM;ansrco999i;p0p100;2012;4434.0;999;i
SM;mecogo999i;p0p100;1997;32930900.0;999;i
SM;mecogo999i;p0p100;1998;34739524.0;999;i
SM;mecogo999i;p0p100;1999;35480768.0;999;i
SM;mgsrhn999i;p0p100;2007;0.0;999;i
SM;mgsrhn999i;p0p100;2008;0.0;999;i
SM;mgsrhn999i;p0p100;2009;-59217.0;999;i
SM;mgsrhn999i;p0p100;2010;0.0;999;i
SM;mgsrhn999i;p0p100;2011;0.0;999;i
SM;mgsrhn999i;p0p100;2012;0.0;999;i
SM;agdpro999i;p0p100;1970;24596.0;999;i
SM;agdpro999i;p0p100;1971;24826.199;999;i
SM;agdpro999i;p0p100;1972;25603.699;999;i
SM;agdpro999i;p0p100;1973;27327.301;999;i
SM;agdpro999i;p0p100;1974;28686.699;999;i
SM;agdpro999i;p0p100;1975;27850.5;999;i
SM;agdpro999i;p0p100;1976;29460.6;999;i
SM;agdpro999i;p0p100;1977;29749.801;999;i
SM;agdpro999i;p0p100;1978;30176.699;999;i
SM;agdpro999i;p0p100;1979;31419.6;999;i
SM;agdpro999i;p0p100;1980;31994.5;999;i
SM;agdpro999i;p0p100;1981;31811.0;999;i
SM;agdpro999i;p0p100;1982;31548.199;999;i
SM;agdpro999i;p0p100;1983;31542.1;999;i
SM;agdpro999i;p0p100;1984;32198.6;999;i
SM;agdpro999i;p0p100;1985;32738.1;999;i
SM;agdpro999i;p0p100;1986;33312.0;999;i
SM;agdpro999i;p0p100;1987;34007.898;999;i
SM;agdpro999i;p0p100;1988;35049.102;999;i
SM;agdpro999i;p0p100;1989;35832.0;999;i
SM;agdpro999i;p0p100;1990;36100.602;999;i
SM;agdpro999i;p0p100;1991;36152.301;999;i
SM;agdpro999i;p0p100;1992;35900.398;999;i
SM;agdpro999i;p0p100;1993;38443.0;999;i
SM;agdpro999i;p0p100;1994;40527.398;999;i
SM;agdpro999i;p0p100;1995;43702.199;999;i
SM;agdpro999i;p0p100;1996;45259.801;999;i
SM;agdpro999i;p0p100;1997;46976.801;999;i
SM;agdpro999i;p0p100;1998;49983.102;999;i
SM;agdpro999i;p0p100;1999;53867.398;999;i
SM;agdpro999i;p0p100;2000;54422.699;999;i
SM;agdpro999i;p0p100;2001;56721.102;999;i
SM;agdpro999i;p0p100;2002;56181.5;999;i
SM;agdpro999i;p0p100;2003;57570.699;999;i
SM;agdpro999i;p0p100;2004;59425.199;999;i
SM;agdpro999i;p0p100;2005;60043.301;999;i
SM;agdpro999i;p0p100;2006;61568.898;999;i
SM;agdpro999i;p0p100;2007;65162.398;999;i
SM;agdpro999i;p0p100;2008;65430.301;999;i
SM;agdpro999i;p0p100;2009;56332.0;999;i
SM;agdpro999i;p0p100;2010;52999.102;999;i
SM;agdpro999i;p0p100;2011;47341.102;999;i
SM;agdpro999i;p0p100;2012;43162.199;999;i
SM;agdpro999i;p0p100;2013;41277.301;999;i
SM;agdpro999i;p0p100;2014;40415.398;999;i
SM;agdpro999i;p0p100;2015;40262.0;999;i
SM;agdpro999i;p0p100;2016;40862.801;999;i
SM;agdpro999i;p0p100;2017;41270.0;999;i
SM;agdpro999i;p0p100;2018;41595.602;999;i
SM;agdpro999i;p0p100;2019;41810.699;999;i
SM;agmxho999i;p0p100;2007;11138.8;999;i
SM;agmxho999i;p0p100;2008;10717.6;999;i
SM;agmxho999i;p0p100;2009;8191.2998;999;i
SM;agmxho999i;p0p100;2010;7772.5;999;i
SM;agmxho999i;p0p100;2011;7193.7998;999;i
SM;agmxho999i;p0p100;2012;6795.0;999;i
SM;mccmhn999i;p0p100;2007;8994425.0;999;i
SM;mccmhn999i;p0p100;2008;9167183.0;999;i
SM;mccmhn999i;p0p100;2009;8424852.0;999;i
SM;mccmhn999i;p0p100;2010;8349955.0;999;i
SM;mccmhn999i;p0p100;2011;7513572.0;999;i
SM;mccmhn999i;p0p100;2012;7426692.0;999;i
SM;mnsrfc999i;p0p100;2007;12043054.0;999;i
SM;mnsrfc999i;p0p100;2008;1611965.0;999;i
SM;mnsrfc999i;p0p100;2009;-3309464.0;999;i
SM;mnsrfc999i;p0p100;2010;-12098216.0;999;i
SM;mnsrfc999i;p0p100;2011;-2588011.0;999;i
SM;mnsrfc999i;p0p100;2012;-19733212.0;999;i
SM;xlceup999i;p0p100;1995;0.92816049;999;i
SM;xlceup999i;p0p100;1996;0.94083482;999;i
SM;xlceup999i;p0p100;1997;0.93505806;999;i
SM;xlceup999i;p0p100;1998;0.94197845;999;i
SM;xlceup999i;p0p100;1999;0.94131851;999;i
SM;xlceup999i;p0p100;2000;0.95213914;999;i
SM;xlceup999i;p0p100;2001;0.95474905;999;i
SM;xlceup999i;p0p100;2002;0.9537093;999;i
SM;xlceup999i;p0p100;2003;0.9560082;999;i
SM;xlceup999i;p0p100;2004;0.95617121;999;i
SM;xlceup999i;p0p100;2005;0.95495343;999;i
SM;xlceup999i;p0p100;2006;0.95443392;999;i
SM;xlceup999i;p0p100;2007;0.94743085;999;i
SM;xlceup999i;p0p100;2008;0.9437421;999;i
SM;xlceup999i;p0p100;2009;0.97111231;999;i
SM;xlceup999i;p0p100;2010;0.96078855;999;i
SM;xlceup999i;p0p100;2011;0.96060038;999;i
SM;xlceup999i;p0p100;2012;0.97237951;999;i
SM;xlceup999i;p0p100;2013;0.99341279;999;i
SM;xlceup999i;p0p100;2014;0.95282573;999;i
SM;xlceup999i;p0p100;2015;0.95192951;999;i
SM;xlceup999i;p0p100;2016;0.95109057;999;i
SM;xlceup999i;p0p100;2017;0.95080519;999;i
SM;xlceup999i;p0p100;2018;0.95124567;999;i
SM;xlceup999i;p0p100;2019;0.94769889;999;i
SM;ansrnp999i;p0p100;2007;121.9;999;i
SM;ansrnp999i;p0p100;2008;126.9;999;i
SM;ansrnp999i;p0p100;2009;126.1;999;i
SM;ansrnp999i;p0p100;2010;121.5;999;i
SM;ansrnp999i;p0p100;2011;124.9;999;i
SM;ansrnp999i;p0p100;2012;133.5;999;i
SM;mothgo999i;p0p100;1997;0.0;999;i
SM;mothgo999i;p0p100;1998;0.0;999;i
SM;mothgo999i;p0p100;1999;0.0;999;i
SM;mothgo999i;p0p100;2003;0.0;999;i
SM;mothgo999i;p0p100;2004;0.0;999;i
SM;wcapsh999i;p0p100;2012;0.1372878;999;i
SM;afkpin999i;p0p100;2012;1182.2;999;i
SM;annfin999i;p0p100;2012;-8546.7002;999;i
SM;annfin999i;p0p100;2013;-8179.8999;999;i
SM;annfin999i;p0p100;2014;-8009.3999;999;i
SM;annfin999i;p0p100;2015;-7975.1001;999;i
SM;annfin999i;p0p100;2016;-8097.7002;999;i
SM;annfin999i;p0p100;2017;-8183.1001;999;i
SM;annfin999i;p0p100;2018;-8243.5;999;i
SM;annfin999i;p0p100;2019;-8286.2002;999;i
SM;aftaxx999i;p0p100;2012;0.0;999;i
SM;atpigo999i;p0p100;1997;8382.9;999;i
SM;atpigo999i;p0p100;1998;9056.2;999;i
SM;atpigo999i;p0p100;1999;9582.4;999;i
SM;atpigo999i;p0p100;2000;9264.8;999;i
SM;atpigo999i;p0p100;2001;9526.2;999;i
SM;atpigo999i;p0p100;2002;9013.1;999;i
SM;atpigo999i;p0p100;2003;9662.6;999;i
SM;atpigo999i;p0p100;2004;9801.5;999;i
SM;atpigo999i;p0p100;2005;9772.0;999;i
SM;atpigo999i;p0p100;2006;9516.6;999;i
SM;mptxgo999i;p0p100;1997;204940416.0;999;i
SM;mptxgo999i;p0p100;1998;225275888.0;999;i
SM;mptxgo999i;p0p100;1999;247499008.0;999;i
SM;mptxgo999i;p0p100;2000;247313392.0;999;i
SM;mptxgo999i;p0p100;2001;256283344.0;999;i
SM;mptxgo999i;p0p100;2002;245478640.0;999;i
SM;mptxgo999i;p0p100;2003;266068320.0;999;i
SM;mptxgo999i;p0p100;2004;275551232.0;999;i
SM;mptxgo999i;p0p100;2005;277001216.0;999;i
SM;mptxgo999i;p0p100;2006;271712928.0;999;i
SM;mptxgo999i;p0p100;2007;177735968.0;999;i
SM;mptxgo999i;p0p100;2008;176806768.0;999;i
SM;mptxgo999i;p0p100;2009;140952144.0;999;i
SM;mptxgo999i;p0p100;2010;129207408.0;999;i
SM;mptxgo999i;p0p100;2011;110170544.0;999;i
SM;mptxgo999i;p0p100;2012;98724152.0;999;i
SM;apinrx999i;p0p100;2012;54.5;999;i
SM;mccmho999i;p0p100;2007;8994425.0;999;i
SM;mccmho999i;p0p100;2008;9167183.0;999;i
SM;mccmho999i;p0p100;2009;8424852.0;999;i
SM;mccmho999i;p0p100;2010;8349955.0;999;i
SM;mccmho999i;p0p100;2011;7513572.0;999;i
SM;mccmho999i;p0p100;2012;7426692.0;999;i
SM;mftaxx999i;p0p100;2012;0.0;999;i
SM;mgsmhn999i;p0p100;2007;334864544.0;999;i
SM;mgsmhn999i;p0p100;2008;326180832.0;999;i
SM;mgsmhn999i;p0p100;2009;252365200.0;999;i
SM;mgsmhn999i;p0p100;2010;242726496.0;999;i
SM;mgsmhn999i;p0p100;2011;227764048.0;999;i
SM;mgsmhn999i;p0p100;2012;218153456.0;999;i
SM;mgsrfc999i;p0p100;2007;22377850.0;999;i
SM;mgsrfc999i;p0p100;2008;14425179.0;999;i
SM;mgsrfc999i;p0p100;2009;9925274.0;999;i
SM;mgsrfc999i;p0p100;2010;1410069.0;999;i
SM;mgsrfc999i;p0p100;2011;12838682.0;999;i
SM;mgsrfc999i;p0p100;2012;-3068556.0;999;i
SM;aflcin999i;p0p100;2012;-8546.7002;999;i
SM;agmxhn999i;p0p100;2007;11138.8;999;i
SM;agmxhn999i;p0p100;2008;10717.6;999;i
SM;agmxhn999i;p0p100;2009;8191.2998;999;i
SM;agmxhn999i;p0p100;2010;7772.5;999;i
SM;agmxhn999i;p0p100;2011;7193.7998;999;i
SM;agmxhn999i;p0p100;2012;6795.0;999;i
SM;agsrgo999i;p0p100;2007;1083.5;999;i
SM;agsrgo999i;p0p100;2008;1278.2;999;i
SM;agsrgo999i;p0p100;2009;1270.8;999;i
SM;agsrgo999i;p0p100;2010;1135.9;999;i
SM;agsrgo999i;p0p100;2011;899.90002;999;i
SM;agsrgo999i;p0p100;2012;858.70001;999;i
SM;acfcho999i;p0p100;2007;281.5;999;i
SM;acfcho999i;p0p100;2008;283.0;999;i
SM;acfcho999i;p0p100;2009;252.7;999;i
SM;acfcho999i;p0p100;2010;246.8;999;i
SM;acfcho999i;p0p100;2011;218.2;999;i
SM;acfcho999i;p0p100;2012;212.89999;999;i
SM;aptfrn999i;p0p100;1970;0.0;999;i
SM;aptfrn999i;p0p100;1971;0.0;999;i
SM;aptfrn999i;p0p100;1972;0.0;999;i
SM;aptfrn999i;p0p100;1973;0.0;999;i
SM;aptfrn999i;p0p100;1974;0.0;999;i
SM;aptfrn999i;p0p100;1975;0.0;999;i
SM;aptfrn999i;p0p100;1976;0.0;999;i
SM;aptfrn999i;p0p100;1977;0.0;999;i
SM;aptfrn999i;p0p100;1978;0.0;999;i
SM;aptfrn999i;p0p100;1979;-0.1;999;i
SM;aptfrn999i;p0p100;1980;-0.1;999;i
SM;aptfrn999i;p0p100;1981;-0.1;999;i
SM;aptfrn999i;p0p100;1982;-0.1;999;i
SM;aptfrn999i;p0p100;1983;-0.1;999;i
SM;aptfrn999i;p0p100;1984;-0.1;999;i
SM;aptfrn999i;p0p100;1985;-0.1;999;i
SM;aptfrn999i;p0p100;1986;-0.1;999;i
SM;aptfrn999i;p0p100;1987;-0.1;999;i
SM;aptfrn999i;p0p100;1988;-0.1;999;i
SM;aptfrn999i;p0p100;1989;-0.1;999;i
SM;aptfrn999i;p0p100;1990;-0.1;999;i
SM;aptfrn999i;p0p100;1991;-0.1;999;i
SM;aptfrn999i;p0p100;1992;-0.2;999;i
SM;aptfrn999i;p0p100;1993;-0.2;999;i
SM;aptfrn999i;p0p100;1994;-0.2;999;i
SM;aptfrn999i;p0p100;1995;-0.2;999;i
SM;aptfrn999i;p0p100;1996;-0.2;999;i
SM;aptfrn999i;p0p100;1997;-0.2;999;i
SM;aptfrn999i;p0p100;1998;-0.40000001;999;i
SM;aptfrn999i;p0p100;1999;-0.30000001;999;i
SM;aptfrn999i;p0p100;2000;-0.40000001;999;i
SM;aptfrn999i;p0p100;2001;-0.30000001;999;i
SM;aptfrn999i;p0p100;2002;-112.7;999;i
SM;aptfrn999i;p0p100;2003;-72.5;999;i
SM;aptfrn999i;p0p100;2004;-96.5;999;i
SM;aptfrn999i;p0p100;2005;-16.6;999;i
SM;aptfrn999i;p0p100;2006;-40.200001;999;i
SM;aptfrn999i;p0p100;2007;-28.5;999;i
SM;aptfrn999i;p0p100;2008;-32.099998;999;i
SM;aptfrn999i;p0p100;2009;-37.5;999;i
SM;aptfrn999i;p0p100;2010;-45.299999;999;i
SM;aptfrn999i;p0p100;2011;-47.700001;999;i
SM;aptfrn999i;p0p100;2012;-46.299999;999;i
SM;aptfrn999i;p0p100;2013;-50.700001;999;i
SM;aptfrn999i;p0p100;2014;-49.900002;999;i
SM;aptfrn999i;p0p100;2015;-45.799999;999;i
SM;aptfrn999i;p0p100;2016;-50.200001;999;i
SM;aptfrn999i;p0p100;2017;-55.400002;999;i
SM;aptfrn999i;p0p100;2018;-51.599998;999;i
SM;aptfrn999i;p0p100;2019;-51.900002;999;i
SM;mcomhn999i;p0p100;2012;488252352.0;999;i
SM;xlcyux999i;p0p100;1999;0.11338475;999;i
SM;xlcyux999i;p0p100;2000;0.13111074;999;i
SM;xlcyux999i;p0p100;2001;0.13501278;999;i
SM;xlcyux999i;p0p100;2002;0.12837467;999;i
SM;xlcyux999i;p0p100;2003;0.10704727;999;i
SM;xlcyux999i;p0p100;2004;0.097303897;999;i
SM;xlcyux999i;p0p100;2005;0.098131426;999;i
SM;xlcyux999i;p0p100;2006;0.099974543;999;i
SM;xlcyux999i;p0p100;2007;0.096041322;999;i
SM;xlcyux999i;p0p100;2008;0.098245591;999;i
SM;xlcyux999i;p0p100;2009;0.1053725;999;i
SM;xlcyux999i;p0p100;2010;0.11152363;999;i
SM;xlcyux999i;p0p100;2011;0.11133011;999;i
SM;xlcyux999i;p0p100;2012;0.1232973;999;i
SM;xlcyux999i;p0p100;2013;0.12156045;999;i
SM;xlcyux999i;p0p100;2014;0.12268883;999;i
SM;xlcyux999i;p0p100;2015;0.14478692;999;i
SM;xlcyux999i;p0p100;2016;0.13605812;999;i
SM;xlcyux999i;p0p100;2017;0.13129598;999;i
SM;xlcyux999i;p0p100;2018;0.12805198;999;i
SM;xlcyux999i;p0p100;2019;0.12799577;999;i
SM;ansmhn999i;p0p100;2007;10839.5;999;i
SM;ansmhn999i;p0p100;2008;10405.3;999;i
SM;ansmhn999i;p0p100;2009;7903.1001;999;i
SM;ansmhn999i;p0p100;2010;7489.3999;999;i
SM;ansmhn999i;p0p100;2011;6942.3999;999;i
SM;ansmhn999i;p0p100;2012;6563.7002;999;i
SM;mcfcnf999i;p0p100;2007;273819328.0;999;i
SM;mcfcnf999i;p0p100;2008;327797792.0;999;i
SM;mcfcnf999i;p0p100;2009;330403648.0;999;i
SM;mcfcnf999i;p0p100;2010;296908288.0;999;i
SM;mcfcnf999i;p0p100;2011;232530464.0;999;i
SM;mcfcnf999i;p0p100;2012;224016320.0;999;i
SM;mptfrn999i;p0p100;1970;0.0;999;i
SM;mptfrn999i;p0p100;1971;-97.0;999;i
SM;mptfrn999i;p0p100;1972;-202.0;999;i
SM;mptfrn999i;p0p100;1973;-331.0;999;i
SM;mptfrn999i;p0p100;1974;-479.0;999;i
SM;mptfrn999i;p0p100;1975;-559.0;999;i
SM;mptfrn999i;p0p100;1976;-739.0;999;i
SM;mptfrn999i;p0p100;1977;-825.0;999;i
SM;mptfrn999i;p0p100;1978;-1019.0;999;i
SM;mptfrn999i;p0p100;1979;-1359.0;999;i
SM;mptfrn999i;p0p100;1980;-1219.0;999;i
SM;mptfrn999i;p0p100;1981;-1174.0;999;i
SM;mptfrn999i;p0p100;1982;-1186.0;999;i
SM;mptfrn999i;p0p100;1983;-1244.0;999;i
SM;mptfrn999i;p0p100;1984;-1638.0;999;i
SM;mptfrn999i;p0p100;1985;-1821.0;999;i
SM;mptfrn999i;p0p100;1986;-2202.0;999;i
SM;mptfrn999i;p0p100;1987;-2412.0;999;i
SM;mptfrn999i;p0p100;1988;-2746.0;999;i
SM;mptfrn999i;p0p100;1989;-3005.0;999;i
SM;mptfrn999i;p0p100;1990;-3523.0;999;i
SM;mptfrn999i;p0p100;1991;-3642.0;999;i
SM;mptfrn999i;p0p100;1992;-3789.0;999;i
SM;mptfrn999i;p0p100;1993;-4453.0;999;i
SM;mptfrn999i;p0p100;1994;-5200.0;999;i
SM;mptfrn999i;p0p100;1995;-6116.0;999;i
SM;mptfrn999i;p0p100;1996;-6196.0;999;i
SM;mptfrn999i;p0p100;1997;-6172.0;999;i
SM;mptfrn999i;p0p100;1998;-9396.0;999;i
SM;mptfrn999i;p0p100;1999;-9395.0;999;i
SM;mptfrn999i;p0p100;2000;-11845.0;999;i
SM;mptfrn999i;p0p100;2001;-9268.0;999;i
SM;mptfrn999i;p0p100;2002;-3175797.0;999;i
SM;mptfrn999i;p0p100;2003;-2071952.0;999;i
SM;mptfrn999i;p0p100;2004;-2793816.0;999;i
SM;mptfrn999i;p0p100;2005;-487396.0;999;i
SM;mptfrn999i;p0p100;2006;-1194221.0;999;i
SM;mptfrn999i;p0p100;2007;-855384.0;999;i
SM;mptfrn999i;p0p100;2008;-977992.0;999;i
SM;mptfrn999i;p0p100;2009;-1156887.0;999;i
SM;mptfrn999i;p0p100;2010;-1413825.0;999;i
SM;mptfrn999i;p0p100;2011;-1509990.0;999;i
SM;mptfrn999i;p0p100;2012;-1484953.0;999;i
SM;mptfrn999i;p0p100;2013;-1650644.0;999;i
SM;mptfrn999i;p0p100;2014;-1644852.0;999;i
SM;mptfrn999i;p0p100;2015;-1525219.0;999;i
SM;mptfrn999i;p0p100;2016;-1680755.0;999;i
SM;mptfrn999i;p0p100;2017;-1863841.0;999;i
SM;mptfrn999i;p0p100;2018;-1744034.0;999;i
SM;mptfrn999i;p0p100;2019;-1756946.0;999;i
SM;mptfrr999i;p0p100;1970;0.0;999;i
SM;mptfrr999i;p0p100;1971;0.0;999;i
SM;mptfrr999i;p0p100;1972;0.0;999;i
SM;mptfrr999i;p0p100;1973;0.0;999;i
SM;mptfrr999i;p0p100;1974;0.0;999;i
SM;mptfrr999i;p0p100;1975;0.0;999;i
SM;mptfrr999i;p0p100;1976;0.0;999;i
SM;mptfrr999i;p0p100;1977;0.0;999;i
SM;mptfrr999i;p0p100;1978;0.0;999;i
SM;mptfrr999i;p0p100;1979;0.0;999;i
SM;mptfrr999i;p0p100;1980;0.0;999;i
SM;mptfrr999i;p0p100;1981;0.0;999;i
SM;mptfrr999i;p0p100;1982;0.0;999;i
SM;mptfrr999i;p0p100;1983;0.0;999;i
SM;mptfrr999i;p0p100;1984;0.0;999;i
SM;mptfrr999i;p0p100;1985;0.0;999;i
SM;mptfrr999i;p0p100;1986;0.0;999;i
SM;mptfrr999i;p0p100;1987;0.0;999;i
SM;mptfrr999i;p0p100;1988;0.0;999;i
SM;mptfrr999i;p0p100;1989;0.0;999;i
SM;mptfrr999i;p0p100;1990;0.0;999;i
SM;mptfrr999i;p0p100;1991;0.0;999;i
SM;mptfrr999i;p0p100;1992;0.0;999;i
SM;mptfrr999i;p0p100;1993;0.0;999;i
SM;mptfrr999i;p0p100;1994;0.0;999;i
SM;mptfrr999i;p0p100;1995;0.0;999;i
SM;mptfrr999i;p0p100;1996;0.0;999;i
SM;mptfrr999i;p0p100;1997;0.0;999;i
SM;mptfrr999i;p0p100;1998;0.0;999;i
SM;mptfrr999i;p0p100;1999;0.0;999;i
SM;mptfrr999i;p0p100;2000;0.0;999;i
SM;mptfrr999i;p0p100;2001;0.0;999;i
SM;mptfrr999i;p0p100;2002;0.0;999;i
SM;mptfrr999i;p0p100;2003;0.0;999;i
SM;mptfrr999i;p0p100;2004;0.0;999;i
SM;mptfrr999i;p0p100;2005;0.0;999;i
SM;mptfrr999i;p0p100;2006;0.0;999;i
SM;mptfrr999i;p0p100;2007;0.0;999;i
SM;mptfrr999i;p0p100;2008;0.0;999;i
SM;mptfrr999i;p0p100;2009;0.0;999;i
SM;mptfrr999i;p0p100;2010;0.0;999;i
SM;mptfrr999i;p0p100;2011;0.0;999;i
SM;mptfrr999i;p0p100;2012;0.0;999;i
SM;mptfrr999i;p0p100;2013;0.0;999;i
SM;mptfrr999i;p0p100;2014;0.0;999;i
SM;mptfrr999i;p0p100;2015;0.0;999;i
SM;mptfrr999i;p0p100;2016;0.0;999;i
SM;mptfrr999i;p0p100;2017;0.0;999;i
SM;mptfrr999i;p0p100;2018;0.0;999;i
SM;mptfrr999i;p0p100;2019;0.0;999;i
SM;ataxnx999i;p0p100;2012;0.0;999;i
SM;mnsmhn999i;p0p100;2007;325867488.0;999;i
SM;mnsmhn999i;p0p100;2008;316676288.0;999;i
SM;mnsmhn999i;p0p100;2009;243541568.0;999;i
SM;mnsmhn999i;p0p100;2010;233884976.0;999;i
SM;mnsmhn999i;p0p100;2011;219802944.0;999;i
SM;mnsmhn999i;p0p100;2012;210727008.0;999;i
SM;acomhn999i;p0p100;2012;15208.0;999;i
SM;mnmxhn999i;p0p100;2007;325870080.0;999;i
SM;mnmxhn999i;p0p100;2008;317013664.0;999;i
SM;mnmxhn999i;p0p100;2009;243999552.0;999;i
SM;mnmxhn999i;p0p100;2010;234376544.0;999;i
SM;mnmxhn999i;p0p100;2011;220250496.0;999;i
SM;mnmxhn999i;p0p100;2012;210726768.0;999;i
SM;aecogo999i;p0p100;1997;1239.8;999;i
SM;aecogo999i;p0p100;1998;1294.3;999;i
SM;aecogo999i;p0p100;1999;1307.1;999;i
SM;ansrhn999i;p0p100;2007;-0.1;999;i
SM;ansrhn999i;p0p100;2008;-11.1;999;i
SM;ansrhn999i;p0p100;2009;-14.9;999;i
SM;ansrhn999i;p0p100;2010;-15.7;999;i
SM;ansrhn999i;p0p100;2011;-14.1;999;i
SM;ansrhn999i;p0p100;2012;0.0;999;i
SM;asopgo999i;p0p100;1997;2109.3999;999;i
SM;asopgo999i;p0p100;1998;2176.0;999;i
SM;asopgo999i;p0p100;1999;2564.1001;999;i
SM;asopgo999i;p0p100;2003;1798.4;999;i
SM;asopgo999i;p0p100;2004;3564.1001;999;i
SM;mdefgo999i;p0p100;1997;1137767.0;999;i
SM;mdefgo999i;p0p100;1998;1108026.0;999;i
SM;mdefgo999i;p0p100;1999;1323635.0;999;i
SM;mdefgo999i;p0p100;2003;20693836.0;999;i
SM;mdefgo999i;p0p100;2004;20877058.0;999;i
SM;menvgo999i;p0p100;2003;8656310.0;999;i
SM;menvgo999i;p0p100;2004;13728935.0;999;i
SM;mgninc999i;p0p100;1970;472759904.0;999;i
SM;mgninc999i;p0p100;1971;481355552.0;999;i
SM;mgninc999i;p0p100;1972;499119360.0;999;i
SM;mgninc999i;p0p100;1973;534685856.0;999;i
SM;mgninc999i;p0p100;1974;564094464.0;999;i
SM;mgninc999i;p0p100;1975;552304256.0;999;i
SM;mgninc999i;p0p100;1976;591657472.0;999;i
SM;mgninc999i;p0p100;1977;606807360.0;999;i
SM;mgninc999i;p0p100;1978;626469248.0;999;i
SM;mgninc999i;p0p100;1979;663801088.0;999;i
SM;mgninc999i;p0p100;1980;686569728.0;999;i
SM;mgninc999i;p0p100;1981;692366080.0;999;i
SM;mgninc999i;p0p100;1982;695228736.0;999;i
SM;mgninc999i;p0p100;1983;703357824.0;999;i
SM;mgninc999i;p0p100;1984;726046656.0;999;i
SM;mgninc999i;p0p100;1985;746362304.0;999;i
SM;mgninc999i;p0p100;1986;767708992.0;999;i
SM;mgninc999i;p0p100;1987;792213632.0;999;i
SM;mgninc999i;p0p100;1988;825442368.0;999;i
SM;mgninc999i;p0p100;1989;853410688.0;999;i
SM;mgninc999i;p0p100;1990;870927424.0;999;i
SM;mgninc999i;p0p100;1991;884285312.0;999;i
SM;mgninc999i;p0p100;1992;891120512.0;999;i
SM;mgninc999i;p0p100;1993;969108800.0;999;i
SM;mgninc999i;p0p100;1994;1036772864.0;999;i
SM;mgninc999i;p0p100;1995;1133110400.0;999;i
SM;mgninc999i;p0p100;1996;1188160256.0;999;i
SM;mgninc999i;p0p100;1997;1247796992.0;999;i
SM;mgninc999i;p0p100;1998;1341545216.0;999;i
SM;mgninc999i;p0p100;1999;1462230144.0;999;i
SM;mgninc999i;p0p100;2000;1494555776.0;999;i
SM;mgninc999i;p0p100;2001;1577527936.0;999;i
SM;mgninc999i;p0p100;2002;1582914048.0;999;i
SM;mgninc999i;p0p100;2003;1644335360.0;999;i
SM;mgninc999i;p0p100;2004;1719763968.0;999;i
SM;mgninc999i;p0p100;2005;1760708992.0;999;i
SM;mgninc999i;p0p100;2006;1828596608.0;999;i
SM;mgninc999i;p0p100;2007;1958978560.0;999;i
SM;mgninc999i;p0p100;2008;1991304832.0;999;i
SM;mgninc999i;p0p100;2009;1735926272.0;999;i
SM;mgninc999i;p0p100;2010;1655110016.0;999;i
SM;mgninc999i;p0p100;2011;1498867072.0;999;i
SM;mgninc999i;p0p100;2012;1111332096.0;999;i
SM;mgninc999i;p0p100;2013;1077418880.0;999;i
SM;mgninc999i;p0p100;2014;1067713984.0;999;i
SM;mgninc999i;p0p100;2015;1074249984.0;999;i
SM;mgninc999i;p0p100;2016;1097760384.0;999;i
SM;mgninc999i;p0p100;2017;1114068608.0;999;i
SM;mgninc999i;p0p100;2018;1126800384.0;999;i
SM;mgninc999i;p0p100;2019;1135142272.0;999;i
SM;mnsrho999i;p0p100;2007;-3668530.0;999;i
SM;mnsrho999i;p0p100;2008;-4199253.0;999;i
SM;mnsrho999i;p0p100;2009;-4343269.0;999;i
SM;mnsrho999i;p0p100;2010;-4284693.0;999;i
SM;mnsrho999i;p0p100;2011;-4401322.0;999;i
SM;mnsrho999i;p0p100;2012;-4286378.0;999;i
SM;aconfc999i;p0p100;1970;4596.2002;999;i
SM;aconfc999i;p0p100;1971;4750.8999;999;i
SM;aconfc999i;p0p100;1972;4936.2998;999;i
SM;aconfc999i;p0p100;1973;5143.2998;999;i
SM;aconfc999i;p0p100;1974;5338.1001;999;i
SM;aconfc999i;p0p100;1975;5499.8999;999;i
SM;aconfc999i;p0p100;1976;5643.8999;999;i
SM;aconfc999i;p0p100;1977;5770.2002;999;i
SM;aconfc999i;p0p100;1978;5880.1001;999;i
SM;aconfc999i;p0p100;1979;5977.8999;999;i
SM;aconfc999i;p0p100;1980;6054.5;999;i
SM;aconfc999i;p0p100;1981;6100.5;999;i
SM;aconfc999i;p0p100;1982;6135.2998;999;i
SM;aconfc999i;p0p100;1983;6176.2998;999;i
SM;aconfc999i;p0p100;1984;6241.7998;999;i
SM;aconfc999i;p0p100;1985;6330.1001;999;i
SM;aconfc999i;p0p100;1986;6437.8999;999;i
SM;aconfc999i;p0p100;1987;6558.0;999;i
SM;aconfc999i;p0p100;1988;6679.7998;999;i
SM;aconfc999i;p0p100;1989;6793.2998;999;i
SM;aconfc999i;p0p100;1990;6893.7002;999;i
SM;aconfc999i;p0p100;1991;7012.6001;999;i
SM;aconfc999i;p0p100;1992;7189.6001;999;i
SM;aconfc999i;p0p100;1993;7458.8999;999;i
SM;aconfc999i;p0p100;1994;7817.8999;999;i
SM;aconfc999i;p0p100;1995;8242.2998;999;i
SM;aconfc999i;p0p100;1996;8692.5;999;i
SM;aconfc999i;p0p100;1997;9152.7998;999;i
SM;aconfc999i;p0p100;1998;9619.5996;999;i
SM;aconfc999i;p0p100;1999;10035.9;999;i
SM;aconfc999i;p0p100;2000;10365.8;999;i
SM;aconfc999i;p0p100;2001;10608.2;999;i
SM;aconfc999i;p0p100;2002;10785.1;999;i
SM;aconfc999i;p0p100;2003;10932.4;999;i
SM;aconfc999i;p0p100;2004;11065.1;999;i
SM;aconfc999i;p0p100;2005;11138.4;999;i
SM;aconfc999i;p0p100;2006;11094.8;999;i
SM;aconfc999i;p0p100;2007;10834.7;999;i
SM;aconfc999i;p0p100;2008;12782.3;999;i
SM;aconfc999i;p0p100;2009;12708.5;999;i
SM;aconfc999i;p0p100;2010;11359.0;999;i
SM;aconfc999i;p0p100;2011;8981.2002;999;i
SM;aconfc999i;p0p100;2012;8586.7002;999;i
SM;aconfc999i;p0p100;2013;8140.8999;999;i
SM;aconfc999i;p0p100;2014;7890.6001;999;i
SM;aconfc999i;p0p100;2015;7804.3999;999;i
SM;aconfc999i;p0p100;2016;7840.1001;999;i
SM;aconfc999i;p0p100;2017;7941.8999;999;i
SM;aconfc999i;p0p100;2018;8073.8999;999;i
SM;aconfc999i;p0p100;2019;8217.0996;999;i
SM;mcompx999i;p0p100;2012;194679216.0;999;i
SM;mfinrx999i;p0p100;2012;26438132.0;999;i
SM;adefgo999i;p0p100;1997;42.799999;999;i
SM;adefgo999i;p0p100;1998;41.299999;999;i
SM;adefgo999i;p0p100;1999;48.799999;999;i
SM;adefgo999i;p0p100;2003;724.5;999;i
SM;adefgo999i;p0p100;2004;721.40002;999;i
SM;mnsrgo999i;p0p100;2007;0.0;999;i
SM;mnsrgo999i;p0p100;2008;0.0;999;i
SM;mnsrgo999i;p0p100;2009;0.0;999;i
SM;mnsrgo999i;p0p100;2010;0.0;999;i
SM;mnsrgo999i;p0p100;2011;57520.0;999;i
SM;mnsrgo999i;p0p100;2012;0.0;999;i
SM;accsho999i;p0p100;2007;-17.700001;999;i
SM;accsho999i;p0p100;2008;-18.200001;999;i
SM;accsho999i;p0p100;2009;-20.700001;999;i
SM;accsho999i;p0p100;2010;-20.6;999;i
SM;accsho999i;p0p100;2011;-19.1;999;i
SM;accsho999i;p0p100;2012;-18.4;999;i
SM;agninc999i;p0p100;1970;24596.0;999;i
SM;agninc999i;p0p100;1971;24826.199;999;i
SM;agninc999i;p0p100;1972;25603.699;999;i
SM;agninc999i;p0p100;1973;27327.301;999;i
SM;agninc999i;p0p100;1974;28686.699;999;i
SM;agninc999i;p0p100;1975;27850.6;999;i
SM;agninc999i;p0p100;1976;29460.6;999;i
SM;agninc999i;p0p100;1977;29749.801;999;i
SM;agninc999i;p0p100;1978;30176.699;999;i
SM;agninc999i;p0p100;1979;31419.6;999;i
SM;agninc999i;p0p100;1980;31994.5;999;i
SM;agninc999i;p0p100;1981;31811.0;999;i
SM;agninc999i;p0p100;1982;31548.199;999;i
SM;agninc999i;p0p100;1983;31542.1;999;i
SM;agninc999i;p0p100;1984;32198.6;999;i
SM;agninc999i;p0p100;1985;32738.1;999;i
SM;agninc999i;p0p100;1986;33312.0;999;i
SM;agninc999i;p0p100;1987;34007.898;999;i
SM;agninc999i;p0p100;1988;35049.102;999;i
SM;agninc999i;p0p100;1989;35832.0;999;i
SM;agninc999i;p0p100;1990;36100.602;999;i
SM;agninc999i;p0p100;1991;36152.301;999;i
SM;agninc999i;p0p100;1992;35900.398;999;i
SM;agninc999i;p0p100;1993;38443.0;999;i
SM;agninc999i;p0p100;1994;40527.398;999;i
SM;agninc999i;p0p100;1995;43702.199;999;i
SM;agninc999i;p0p100;1996;45259.801;999;i
SM;agninc999i;p0p100;1997;46976.801;999;i
SM;agninc999i;p0p100;1998;49983.102;999;i
SM;agninc999i;p0p100;1999;53867.398;999;i
SM;agninc999i;p0p100;2000;54422.699;999;i
SM;agninc999i;p0p100;2001;56721.102;999;i
SM;agninc999i;p0p100;2002;56181.5;999;i
SM;agninc999i;p0p100;2003;57570.699;999;i
SM;agninc999i;p0p100;2004;59425.199;999;i
SM;agninc999i;p0p100;2005;60043.301;999;i
SM;agninc999i;p0p100;2006;61568.898;999;i
SM;agninc999i;p0p100;2007;65162.398;999;i
SM;agninc999i;p0p100;2008;65430.301;999;i
SM;agninc999i;p0p100;2009;56332.0;999;i
SM;agninc999i;p0p100;2010;52999.102;999;i
SM;agninc999i;p0p100;2011;47341.102;999;i
SM;agninc999i;p0p100;2012;34615.5;999;i
SM;agninc999i;p0p100;2013;33097.398;999;i
SM;agninc999i;p0p100;2014;32406.0;999;i
SM;agninc999i;p0p100;2015;32286.9;999;i
SM;agninc999i;p0p100;2016;32765.1;999;i
SM;agninc999i;p0p100;2017;33086.898;999;i
SM;agninc999i;p0p100;2018;33352.102;999;i
SM;agninc999i;p0p100;2019;33524.602;999;i
SM;mfsubx999i;p0p100;2012;0.0;999;i
SM;mnnfin999i;p0p100;2012;-274391264.0;999;i
SM;mnnfin999i;p0p100;2013;-266280752.0;999;i
SM;mnnfin999i;p0p100;2014;-263893504.0;999;i
SM;mnnfin999i;p0p100;2015;-265347456.0;999;i
SM;mnnfin999i;p0p100;2016;-271306784.0;999;i
SM;mnnfin999i;p0p100;2017;-275534208.0;999;i
SM;mnnfin999i;p0p100;2018;-278507328.0;999;i
SM;mnnfin999i;p0p100;2019;-280569184.0;999;i
SM;acfcgo999i;p0p100;2007;1083.5;999;i
SM;acfcgo999i;p0p100;2008;1278.2;999;i
SM;acfcgo999i;p0p100;2009;1270.8;999;i
SM;acfcgo999i;p0p100;2010;1135.9;999;i
SM;acfcgo999i;p0p100;2011;898.09998;999;i
SM;acfcgo999i;p0p100;2012;858.70001;999;i
SM;aedugo999i;p0p100;1997;2258.3;999;i
SM;aedugo999i;p0p100;1998;2374.8;999;i
SM;aedugo999i;p0p100;1999;2474.3;999;i
SM;aedugo999i;p0p100;2003;2309.7;999;i
SM;aedugo999i;p0p100;2004;2174.6001;999;i
SM;mpinnx999i;p0p100;2012;-104401440.0;999;i
SM;accmhn999i;p0p100;2007;299.20001;999;i
SM;accmhn999i;p0p100;2008;301.20001;999;i
SM;accmhn999i;p0p100;2009;273.39999;999;i
SM;accmhn999i;p0p100;2010;267.39999;999;i
SM;accmhn999i;p0p100;2011;237.3;999;i
SM;accmhn999i;p0p100;2012;231.3;999;i
SM;mgsrgo999i;p0p100;2007;32572354.0;999;i
SM;mgsrgo999i;p0p100;2008;38901732.0;999;i
SM;mgsrgo999i;p0p100;2009;39162448.0;999;i
SM;mgsrgo999i;p0p100;2010;35473120.0;999;i
SM;mgsrgo999i;p0p100;2011;28492884.0;999;i
SM;mgsrgo999i;p0p100;2012;27567492.0;999;i
SM;acfcnf999i;p0p100;2007;9108.2002;999;i
SM;acfcnf999i;p0p100;2008;10770.8;999;i
SM;acfcnf999i;p0p100;2009;10721.8;999;i
SM;acfcnf999i;p0p100;2010;9507.5;999;i
SM;acfcnf999i;p0p100;2011;7344.3999;999;i
SM;acfcnf999i;p0p100;2012;6977.6001;999;i
SM;mccshn999i;p0p100;2007;2626.0;999;i
SM;mccshn999i;p0p100;2008;337352.0;999;i
SM;mccshn999i;p0p100;2009;398754.0;999;i
SM;mccshn999i;p0p100;2010;491546.0;999;i
SM;mccshn999i;p0p100;2011;447534.0;999;i
SM;mccshn999i;p0p100;2012;-236.0;999;i
SM;mcfcgo999i;p0p100;2007;32572354.0;999;i
SM;mcfcgo999i;p0p100;2008;38901732.0;999;i
SM;mcfcgo999i;p0p100;2009;39162448.0;999;i
SM;mcfcgo999i;p0p100;2010;35473120.0;999;i
SM;mcfcgo999i;p0p100;2011;28435362.0;999;i
SM;mcfcgo999i;p0p100;2012;27567492.0;999;i
SM;mcfchn999i;p0p100;2007;8997050.0;999;i
SM;mcfchn999i;p0p100;2008;9504535.0;999;i
SM;mcfchn999i;p0p100;2009;8823606.0;999;i
SM;mcfchn999i;p0p100;2010;8841501.0;999;i
SM;mcfchn999i;p0p100;2011;7961106.0;999;i
SM;mcfchn999i;p0p100;2012;7426456.0;999;i
SM;aheago999i;p0p100;1997;2537.5;999;i
SM;aheago999i;p0p100;1998;2336.3999;999;i
SM;aheago999i;p0p100;1999;3050.3999;999;i
SM;aheago999i;p0p100;2003;3549.3999;999;i
SM;aheago999i;p0p100;2004;3689.3;999;i
SM;mcomrx999i;p0p100;2012;24689384.0;999;i
SM;anninc999i;p0p100;1970;19999.801;999;i
SM;anninc999i;p0p100;1971;20075.301;999;i
SM;anninc999i;p0p100;1972;20667.5;999;i
SM;anninc999i;p0p100;1973;22184.0;999;i
SM;anninc999i;p0p100;1974;23348.6;999;i
SM;anninc999i;p0p100;1975;22350.6;999;i
SM;anninc999i;p0p100;1976;23816.699;999;i
SM;anninc999i;p0p100;1977;23979.6;999;i
SM;anninc999i;p0p100;1978;24296.6;999;i
SM;anninc999i;p0p100;1979;25441.6;999;i
SM;anninc999i;p0p100;1980;25940.0;999;i
SM;anninc999i;p0p100;1981;25710.4;999;i
SM;anninc999i;p0p100;1982;25413.0;999;i
SM;anninc999i;p0p100;1983;25365.801;999;i
SM;anninc999i;p0p100;1984;25956.9;999;i
SM;anninc999i;p0p100;1985;26407.9;999;i
SM;anninc999i;p0p100;1986;26874.199;999;i
SM;anninc999i;p0p100;1987;27449.9;999;i
SM;anninc999i;p0p100;1988;28369.4;999;i
SM;anninc999i;p0p100;1989;29038.699;999;i
SM;anninc999i;p0p100;1990;29206.9;999;i
SM;anninc999i;p0p100;1991;29139.699;999;i
SM;anninc999i;p0p100;1992;28710.9;999;i
SM;anninc999i;p0p100;1993;30984.1;999;i
SM;anninc999i;p0p100;1994;32709.6;999;i
SM;anninc999i;p0p100;1995;35459.898;999;i
SM;anninc999i;p0p100;1996;36567.301;999;i
SM;anninc999i;p0p100;1997;37824.0;999;i
SM;anninc999i;p0p100;1998;40363.5;999;i
SM;anninc999i;p0p100;1999;43831.5;999;i
SM;anninc999i;p0p100;2000;44056.898;999;i
SM;anninc999i;p0p100;2001;46112.898;999;i
SM;anninc999i;p0p100;2002;45396.398;999;i
SM;anninc999i;p0p100;2003;46638.398;999;i
SM;anninc999i;p0p100;2004;48360.0;999;i
SM;anninc999i;p0p100;2005;48904.898;999;i
SM;anninc999i;p0p100;2006;50474.199;999;i
SM;anninc999i;p0p100;2007;54327.699;999;i
SM;anninc999i;p0p100;2008;52647.898;999;i
SM;anninc999i;p0p100;2009;43623.5;999;i
SM;anninc999i;p0p100;2010;41640.102;999;i
SM;anninc999i;p0p100;2011;38359.898;999;i
SM;anninc999i;p0p100;2012;26028.9;999;i
SM;anninc999i;p0p100;2013;24956.4;999;i
SM;anninc999i;p0p100;2014;24515.4;999;i
SM;anninc999i;p0p100;2015;24482.5;999;i
SM;anninc999i;p0p100;2016;24925.0;999;i
SM;anninc999i;p0p100;2017;25145.0;999;i
SM;anninc999i;p0p100;2018;25278.199;999;i
SM;anninc999i;p0p100;2019;25307.5;999;i
SM;mndpro999i;p0p100;1970;384415520.0;999;i
SM;mndpro999i;p0p100;1971;389240800.0;999;i
SM;mndpro999i;p0p100;1972;402891744.0;999;i
SM;mndpro999i;p0p100;1973;434051808.0;999;i
SM;mndpro999i;p0p100;1974;459126400.0;999;i
SM;mndpro999i;p0p100;1975;443235040.0;999;i
SM;mndpro999i;p0p100;1976;478311584.0;999;i
SM;mndpro999i;p0p100;1977;489112832.0;999;i
SM;mndpro999i;p0p100;1978;504397920.0;999;i
SM;mndpro999i;p0p100;1979;537505088.0;999;i
SM;mndpro999i;p0p100;1980;556647168.0;999;i
SM;mndpro999i;p0p100;1981;559587840.0;999;i
SM;mndpro999i;p0p100;1982;560025216.0;999;i
SM;mndpro999i;p0p100;1983;565632960.0;999;i
SM;mndpro999i;p0p100;1984;585301440.0;999;i
SM;mndpro999i;p0p100;1985;602048384.0;999;i
SM;mndpro999i;p0p100;1986;619342208.0;999;i
SM;mndpro999i;p0p100;1987;639444800.0;999;i
SM;mndpro999i;p0p100;1988;668126976.0;999;i
SM;mndpro999i;p0p100;1989;691615104.0;999;i
SM;mndpro999i;p0p100;1990;704616640.0;999;i
SM;mndpro999i;p0p100;1991;712757056.0;999;i
SM;mndpro999i;p0p100;1992;712660992.0;999;i
SM;mndpro999i;p0p100;1993;781077696.0;999;i
SM;mndpro999i;p0p100;1994;836775808.0;999;i
SM;mndpro999i;p0p100;1995;919404608.0;999;i
SM;mndpro999i;p0p100;1996;959965312.0;999;i
SM;mndpro999i;p0p100;1997;1004681408.0;999;i
SM;mndpro999i;p0p100;1998;1083355520.0;999;i
SM;mndpro999i;p0p100;1999;1189805312.0;999;i
SM;mndpro999i;p0p100;2000;1209891072.0;999;i
SM;mndpro999i;p0p100;2001;1282491904.0;999;i
SM;mndpro999i;p0p100;2002;1279043584.0;999;i
SM;mndpro999i;p0p100;2003;1332084608.0;999;i
SM;mndpro999i;p0p100;2004;1399538560.0;999;i
SM;mndpro999i;p0p100;2005;1434086912.0;999;i
SM;mndpro999i;p0p100;2006;1499082368.0;999;i
SM;mndpro999i;p0p100;2007;1633254912.0;999;i
SM;mndpro999i;p0p100;2008;1602287488.0;999;i
SM;mndpro999i;p0p100;2009;1344301824.0;999;i
SM;mndpro999i;p0p100;2010;1300378752.0;999;i
SM;mndpro999i;p0p100;2011;1214513536.0;999;i
SM;mndpro999i;p0p100;2012;1110048384.0;999;i
SM;mndpro999i;p0p100;2013;1078687616.0;999;i
SM;mndpro999i;p0p100;2014;1071628480.0;999;i
SM;mndpro999i;p0p100;2015;1079928320.0;999;i
SM;mndpro999i;p0p100;2016;1106392832.0;999;i
SM;mndpro999i;p0p100;2017;1122191488.0;999;i
SM;mndpro999i;p0p100;2018;1132531840.0;999;i
SM;mndpro999i;p0p100;2019;1137481600.0;999;i
SM;agsrco999i;p0p100;2007;24305.4;999;i
SM;agsrco999i;p0p100;2008;23782.0;999;i
SM;agsrco999i;p0p100;2009;19493.1;999;i
SM;agsrco999i;p0p100;2010;16997.1;999;i
SM;agsrco999i;p0p100;2011;14252.2;999;i
SM;agsrco999i;p0p100;2012;11930.7;999;i
SM;xlcusp999i;p0p100;1970;0.17898902;999;i
SM;xlcusp999i;p0p100;1971;0.18257587;999;i
SM;xlcusp999i;p0p100;1972;0.18480653;999;i
SM;xlcusp999i;p0p100;1973;0.19754255;999;i
SM;xlcusp999i;p0p100;1974;0.21864654;999;i
SM;xlcusp999i;p0p100;1975;0.2347935;999;i
SM;xlcusp999i;p0p100;1976;0.26151678;999;i
SM;xlcusp999i;p0p100;1977;0.29213661;999;i
SM;xlcusp999i;p0p100;1978;0.31138724;999;i
SM;xlcusp999i;p0p100;1979;0.33230415;999;i
SM;xlcusp999i;p0p100;1980;0.36865917;999;i
SM;xlcusp999i;p0p100;1981;0.40040737;999;i
SM;xlcusp999i;p0p100;1982;0.44352162;999;i
SM;xlcusp999i;p0p100;1983;0.48889357;999;i
SM;xlcusp999i;p0p100;1984;0.521218;999;i
SM;xlcusp999i;p0p100;1985;0.5498032;999;i
SM;xlcusp999i;p0p100;1986;0.5791024;999;i
SM;xlcusp999i;p0p100;1987;0.59831673;999;i
SM;xlcusp999i;p0p100;1988;0.61594093;999;i
SM;xlcusp999i;p0p100;1989;0.62818438;999;i
SM;xlcusp999i;p0p100;1990;0.6547153;999;i
SM;xlcusp999i;p0p100;1991;0.67976338;999;i
SM;xlcusp999i;p0p100;1992;0.69163954;999;i
SM;xlcusp999i;p0p100;1993;0.70331478;999;i
SM;xlcusp999i;p0p100;1994;0.71485955;999;i
SM;xlcusp999i;p0p100;1995;0.7377274;999;i
SM;xlcusp999i;p0p100;1996;0.7516371;999;i
SM;xlcusp999i;p0p100;1997;0.7311902;999;i
SM;xlcusp999i;p0p100;1998;0.7348057;999;i
SM;xlcusp999i;p0p100;1999;0.73447376;999;i
SM;xlcusp999i;p0p100;2000;0.73588324;999;i
SM;xlcusp999i;p0p100;2001;0.73752683;999;i
SM;xlcusp999i;p0p100;2002;0.74167264;999;i
SM;xlcusp999i;p0p100;2003;0.74366391;999;i
SM;xlcusp999i;p0p100;2004;0.73754925;999;i
SM;xlcusp999i;p0p100;2005;0.72819549;999;i
SM;xlcusp999i;p0p100;2006;0.72117192;999;i
SM;xlcusp999i;p0p100;2007;0.71411502;999;i
SM;xlcusp999i;p0p100;2008;0.71171361;999;i
SM;xlcusp999i;p0p100;2009;0.73065805;999;i
SM;xlcusp999i;p0p100;2010;0.71612483;999;i
SM;xlcusp999i;p0p100;2011;0.70837581;999;i
SM;xlcusp999i;p0p100;2012;0.71272755;999;i
SM;xlcusp999i;p0p100;2013;0.72531551;999;i
SM;xlcusp999i;p0p100;2014;0.69029129;999;i
SM;xlcusp999i;p0p100;2015;0.69140214;999;i
SM;xlcusp999i;p0p100;2016;0.68913138;999;i
SM;xlcusp999i;p0p100;2017;0.6826781;999;i
SM;xlcusp999i;p0p100;2018;0.67534697;999;i
SM;xlcusp999i;p0p100;2019;0.6722188;999;i
SM;afsubx999i;p0p100;2012;0.0;999;i
SM;afinpx999i;p0p100;2012;9370.2002;999;i
SM;agsrho999i;p0p100;2007;-139.7;999;i
SM;agsrho999i;p0p100;2008;-156.2;999;i
SM;agsrho999i;p0p100;2009;-161.60001;999;i
SM;agsrho999i;p0p100;2010;-157.8;999;i
SM;agsrho999i;p0p100;2011;-158.10001;999;i
SM;agsrho999i;p0p100;2012;-151.89999;999;i
SM;mgmxho999i;p0p100;2007;334864512.0;999;i
SM;mgmxho999i;p0p100;2008;326180832.0;999;i
SM;mgmxho999i;p0p100;2009;252424400.0;999;i
SM;mgmxho999i;p0p100;2010;242726496.0;999;i
SM;mgmxho999i;p0p100;2011;227764080.0;999;i
SM;mgmxho999i;p0p100;2012;218153440.0;999;i
SM;accshn999i;p0p100;2007;0.1;999;i
SM;accshn999i;p0p100;2008;11.1;999;i
SM;accshn999i;p0p100;2009;12.9;999;i
SM;accshn999i;p0p100;2010;15.7;999;i
SM;accshn999i;p0p100;2011;14.1;999;i
SM;accshn999i;p0p100;2012;0.0;999;i
SM;acomnx999i;p0p100;2012;-5294.7998;999;i
SM;agsmhn999i;p0p100;2007;11138.8;999;i
SM;agsmhn999i;p0p100;2008;10717.6;999;i
SM;agsmhn999i;p0p100;2009;8189.3999;999;i
SM;agsmhn999i;p0p100;2010;7772.5;999;i
SM;agsmhn999i;p0p100;2011;7193.7998;999;i
SM;agsmhn999i;p0p100;2012;6795.0;999;i
SM;apinpx999i;p0p100;2012;3306.3;999;i
SM;mhougo999i;p0p100;1997;24888534.0;999;i
SM;mhougo999i;p0p100;1998;28744504.0;999;i
SM;mhougo999i;p0p100;1999;29474448.0;999;i
SM;mhougo999i;p0p100;2003;14637063.0;999;i
SM;mhougo999i;p0p100;2004;22254814.0;999;i
SM;mnmxho999i;p0p100;2007;325870080.0;999;i
SM;mnmxho999i;p0p100;2008;317013664.0;999;i
SM;mnmxho999i;p0p100;2009;243999552.0;999;i
SM;mnmxho999i;p0p100;2010;234376544.0;999;i
SM;mnmxho999i;p0p100;2011;220250496.0;999;i
SM;mnmxho999i;p0p100;2012;210726768.0;999;i
SM;aflcip999i;p0p100;2012;9370.2002;999;i
SM;mpolgo999i;p0p100;1997;16592680.0;999;i
SM;mpolgo999i;p0p100;1998;18438046.0;999;i
SM;mpolgo999i;p0p100;1999;20013850.0;999;i
SM;mflcin999i;p0p100;2012;-274391264.0;999;i
SM;mgsrco999i;p0p100;2007;730693504.0;999;i
SM;mgsrco999i;p0p100;2008;723782144.0;999;i
SM;mgsrco999i;p0p100;2009;600699008.0;999;i
SM;mgsrco999i;p0p100;2010;530801184.0;999;i
SM;mgsrco999i;p0p100;2011;451239424.0;999;i
SM;mgsrco999i;p0p100;2012;383036032.0;999;i
SM;mgsrho999i;p0p100;2007;-4200022.0;999;i
SM;mgsrho999i;p0p100;2008;-4754086.0;999;i
SM;mgsrho999i;p0p100;2009;-4980498.0;999;i
SM;mgsrho999i;p0p100;2010;-4928057.0;999;i
SM;mgsrho999i;p0p100;2011;-5007155.0;999;i
SM;mgsrho999i;p0p100;2012;-4876431.0;999;i
SM;mpinrx999i;p0p100;2012;1748749.0;999;i
SM;mtaxnx999i;p0p100;2012;0.0;999;i
SM;accmho999i;p0p100;2007;299.20001;999;i
SM;accmho999i;p0p100;2008;301.20001;999;i
SM;accmho999i;p0p100;2009;273.39999;999;i
SM;accmho999i;p0p100;2010;267.39999;999;i
SM;accmho999i;p0p100;2011;237.3;999;i
SM;accmho999i;p0p100;2012;231.3;999;i
SM;acfcnp999i;p0p100;2007;17.799999;999;i
SM;acfcnp999i;p0p100;2008;29.299999;999;i
SM;acfcnp999i;p0p100;2009;33.599998;999;i
SM;acfcnp999i;p0p100;2010;36.299999;999;i
SM;acfcnp999i;p0p100;2011;33.299999;999;i
SM;acfcnp999i;p0p100;2012;18.4;999;i
SM;aenvgo999i;p0p100;2003;303.10001;999;i
SM;aenvgo999i;p0p100;2004;474.39999;999;i
SM;anmxhn999i;p0p100;2007;10839.6;999;i
SM;anmxhn999i;p0p100;2008;10416.4;999;i
SM;anmxhn999i;p0p100;2009;7918.0;999;i
SM;anmxhn999i;p0p100;2010;7505.1001;999;i
SM;anmxhn999i;p0p100;2011;6956.5;999;i
SM;anmxhn999i;p0p100;2012;6563.7002;999;i
SM;mgpsgo999i;p0p100;1997;65217352.0;999;i
SM;mgpsgo999i;p0p100;1998;70906944.0;999;i
SM;mgpsgo999i;p0p100;1999;67798584.0;999;i
SM;mgpsgo999i;p0p100;2003;118339264.0;999;i
SM;mgpsgo999i;p0p100;2004;107714600.0;999;i
SM;apolgo999i;p0p100;1997;624.70001;999;i
SM;apolgo999i;p0p100;1998;687.0;999;i
SM;apolgo999i;p0p100;1999;737.29999;999;i
SM;inyixx999i;p0p100;1970;0.049443267;999;i
SM;inyixx999i;p0p100;1971;0.052992713;999;i
SM;inyixx999i;p0p100;1972;0.055977788;999;i
SM;inyixx999i;p0p100;1973;0.063108586;999;i
SM;inyixx999i;p0p100;1974;0.075885795;999;i
SM;inyixx999i;p0p100;1975;0.088773541;999;i
SM;inyixx999i;p0p100;1976;0.10426832;999;i
SM;inyixx999i;p0p100;1977;0.12353417;999;i
SM;inyixx999i;p0p100;1978;0.14076096;999;i
SM;inyixx999i;p0p100;1979;0.16250996;999;i
SM;inyixx999i;p0p100;1980;0.19633771;999;i
SM;inyixx999i;p0p100;1981;0.23322411;999;i
SM;inyixx999i;p0p100;1982;0.27413386;999;i
SM;inyixx999i;p0p100;1983;0.31551909;999;i
SM;inyixx999i;p0p100;1984;0.34947479;999;i
SM;inyixx999i;p0p100;1985;0.38153782;999;i
SM;inyixx999i;p0p100;1986;0.41010895;999;i
SM;inyixx999i;p0p100;1987;0.4347536;999;i
SM;inyixx999i;p0p100;1988;0.4636665;999;i
SM;inyixx999i;p0p100;1989;0.49240163;999;i
SM;inyixx999i;p0p100;1990;0.53373754;999;i
SM;inyixx999i;p0p100;1991;0.5739845;999;i
SM;inyixx999i;p0p100;1992;0.5992403;999;i
SM;inyixx999i;p0p100;1993;0.62476999;999;i
SM;inyixx999i;p0p100;1994;0.64895594;999;i
SM;inyixx999i;p0p100;1995;0.68354642;999;i
SM;inyixx999i;p0p100;1996;0.71087474;999;i
SM;inyixx999i;p0p100;1997;0.7049886;999;i
SM;inyixx999i;p0p100;1998;0.71767706;999;i
SM;inyixx999i;p0p100;1999;0.7286945;999;i
SM;inyixx999i;p0p100;2000;0.74729908;999;i
SM;inyixx999i;p0p100;2001;0.76778316;999;i
SM;inyixx999i;p0p100;2002;0.78581828;999;i
SM;inyixx999i;p0p100;2003;0.80530697;999;i
SM;inyixx999i;p0p100;2004;0.82102931;999;i
SM;inyixx999i;p0p100;2005;0.83534962;999;i
SM;inyixx999i;p0p100;2006;0.85183191;999;i
SM;inyixx999i;p0p100;2007;0.86664194;999;i
SM;inyixx999i;p0p100;2008;0.88117993;999;i
SM;inyixx999i;p0p100;2009;0.91505784;999;i
SM;inyixx999i;p0p100;2010;0.91121531;999;i
SM;inyixx999i;p0p100;2011;0.92084616;999;i
SM;inyixx999i;p0p100;2012;0.94414091;999;i
SM;inyixx999i;p0p100;2013;0.97644895;999;i
SM;inyixx999i;p0p100;2014;0.94534326;999;i
SM;inyixx999i;p0p100;2015;0.95734173;999;i
SM;inyixx999i;p0p100;2016;0.9646318;999;i
SM;inyixx999i;p0p100;2017;0.97376239;999;i
SM;inyixx999i;p0p100;2018;0.9867714;999;i
SM;inyixx999i;p0p100;2019;1.0;999;i
SM;mcfcco999i;p0p100;2007;284154144.0;999;i
SM;mcfcco999i;p0p100;2008;340611040.0;999;i
SM;mcfcco999i;p0p100;2009;343638400.0;999;i
SM;mcfcco999i;p0p100;2010;310416576.0;999;i
SM;mcfcco999i;p0p100;2011;247957152.0;999;i
SM;mcfcco999i;p0p100;2012;240680960.0;999;i
SM;mccsho999i;p0p100;2007;-531492.0;999;i
SM;mccsho999i;p0p100;2008;-554833.0;999;i
SM;mccsho999i;p0p100;2009;-637228.0;999;i
SM;mccsho999i;p0p100;2010;-643364.0;999;i
SM;mccsho999i;p0p100;2011;-605833.0;999;i
SM;mccsho999i;p0p100;2012;-590053.0;999;i
SM;mcfcnp999i;p0p100;2007;534118.0;999;i
SM;mcfcnp999i;p0p100;2008;892185.0;999;i
SM;mcfcnp999i;p0p100;2009;1035982.0;999;i
SM;mcfcnp999i;p0p100;2010;1134910.0;999;i
SM;mcfcnp999i;p0p100;2011;1053367.0;999;i
SM;mcfcnp999i;p0p100;2012;589817.0;999;i
SM;mflcip999i;p0p100;2012;300829408.0;999;i
SM;mnsmho999i;p0p100;2007;322201568.0;999;i
SM;mnsmho999i;p0p100;2008;312814400.0;999;i
SM;mnsmho999i;p0p100;2009;239656272.0;999;i
SM;mnsmho999i;p0p100;2010;230091856.0;999;i
SM;mnsmho999i;p0p100;2011;215849168.0;999;i
SM;mnsmho999i;p0p100;2012;206440384.0;999;i
SM;mrecgo999i;p0p100;1997;21263668.0;999;i
SM;mrecgo999i;p0p100;1998;22879726.0;999;i
SM;mrecgo999i;p0p100;1999;25810882.0;999;i
SM;mrecgo999i;p0p100;2003;18514060.0;999;i
SM;mrecgo999i;p0p100;2004;21112088.0;999;i
SM;aflcir999i;p0p100;2012;823.5;999;i
SM;xlceux999i;p0p100;1999;1.0;999;i
SM;xlceux999i;p0p100;2000;1.0;999;i
SM;xlceux999i;p0p100;2001;1.0;999;i
SM;xlceux999i;p0p100;2002;1.0;999;i
SM;xlceux999i;p0p100;2003;1.0;999;i
SM;xlceux999i;p0p100;2004;1.0;999;i
SM;xlceux999i;p0p100;2005;1.0;999;i
SM;xlceux999i;p0p100;2006;1.0;999;i
SM;xlceux999i;p0p100;2007;1.0;999;i
SM;xlceux999i;p0p100;2008;1.0;999;i
SM;xlceux999i;p0p100;2009;1.0;999;i
SM;xlceux999i;p0p100;2010;1.0;999;i
SM;xlceux999i;p0p100;2011;1.0;999;i
SM;xlceux999i;p0p100;2012;1.0;999;i
SM;xlceux999i;p0p100;2013;1.0;999;i
SM;xlceux999i;p0p100;2014;1.0;999;i
SM;xlceux999i;p0p100;2015;1.0;999;i
SM;xlceux999i;p0p100;2016;1.0;999;i
SM;xlceux999i;p0p100;2017;1.0;999;i
SM;xlceux999i;p0p100;2018;1.0;999;i
SM;xlceux999i;p0p100;2019;1.0;999;i
SM;afinrx999i;p0p100;2012;823.5;999;i
SM;agsrfc999i;p0p100;2007;744.40002;999;i
SM;agsrfc999i;p0p100;2008;474.0;999;i
SM;agsrfc999i;p0p100;2009;322.10001;999;i
SM;agsrfc999i;p0p100;2010;45.200001;999;i
SM;agsrfc999i;p0p100;2011;405.5;999;i
SM;agsrfc999i;p0p100;2012;-95.599998;999;i
SM;agsrnp999i;p0p100;2007;139.7;999;i
SM;agsrnp999i;p0p100;2008;156.2;999;i
SM;agsrnp999i;p0p100;2009;159.7;999;i
SM;agsrnp999i;p0p100;2010;157.8;999;i
SM;agsrnp999i;p0p100;2011;158.10001;999;i
SM;agsrnp999i;p0p100;2012;151.89999;999;i
SM;mnsrco999i;p0p100;2007;446539360.0;999;i
SM;mnsrco999i;p0p100;2008;383171104.0;999;i
SM;mnsrco999i;p0p100;2009;257060640.0;999;i
SM;mnsrco999i;p0p100;2010;220384624.0;999;i
SM;mnsrco999i;p0p100;2011;203282272.0;999;i
SM;mnsrco999i;p0p100;2012;142355056.0;999;i
SM;xlcyup999i;p0p100;1970;0.10699797;999;i
SM;xlcyup999i;p0p100;1971;0.11108545;999;i
SM;xlcyup999i;p0p100;1972;0.11704645;999;i
SM;xlcyup999i;p0p100;1973;0.12947291;999;i
SM;xlcyup999i;p0p100;1974;0.15443462;999;i
SM;xlcyup999i;p0p100;1975;0.17850706;999;i
SM;xlcyup999i;p0p100;1976;0.20129959;999;i
SM;xlcyup999i;p0p100;1977;0.23544078;999;i
SM;xlcyup999i;p0p100;1978;0.26198077;999;i
SM;xlcyup999i;p0p100;1979;0.28858176;999;i
SM;xlcyup999i;p0p100;1980;0.32778269;999;i
SM;xlcyup999i;p0p100;1981;0.38391221;999;i
SM;xlcyup999i;p0p100;1982;0.44507354;999;i
SM;xlcyup999i;p0p100;1983;0.50673586;999;i
SM;xlcyup999i;p0p100;1984;0.56857759;999;i
SM;xlcyup999i;p0p100;1985;0.60651004;999;i
SM;xlcyup999i;p0p100;1986;0.61781341;999;i
SM;xlcyup999i;p0p100;1987;0.61215442;999;i
SM;xlcyup999i;p0p100;1988;0.56471556;999;i
SM;xlcyup999i;p0p100;1989;0.50599086;999;i
SM;xlcyup999i;p0p100;1990;0.48406166;999;i
SM;xlcyup999i;p0p100;1991;0.50199819;999;i
SM;xlcyup999i;p0p100;1992;0.47842136;999;i
SM;xlcyup999i;p0p100;1993;0.39311558;999;i
SM;xlcyup999i;p0p100;1994;0.32230633;999;i
SM;xlcyup999i;p0p100;1995;0.2834757;999;i
SM;xlcyup999i;p0p100;1996;0.2669338;999;i
SM;xlcyup999i;p0p100;1997;0.24859853;999;i
SM;xlcyup999i;p0p100;1998;0.2512576;999;i
SM;xlcyup999i;p0p100;1999;0.25223264;999;i
SM;xlcyup999i;p0p100;2000;0.24228367;999;i
SM;xlcyup999i;p0p100;2001;0.24454464;999;i
SM;xlcyup999i;p0p100;2002;0.25015986;999;i
SM;xlcyup999i;p0p100;2003;0.24781023;999;i
SM;xlcyup999i;p0p100;2004;0.23693219;999;i
SM;xlcyup999i;p0p100;2005;0.23124591;999;i
SM;xlcyup999i;p0p100;2006;0.2280699;999;i
SM;xlcyup999i;p0p100;2007;0.21580929;999;i
SM;xlcyup999i;p0p100;2008;0.2035441;999;i
SM;xlcyup999i;p0p100;2009;0.21443573;999;i
SM;xlcyup999i;p0p100;2010;0.19973083;999;i
SM;xlcyup999i;p0p100;2011;0.18676591;999;i
SM;xlcyup999i;p0p100;2012;0.18866654;999;i
SM;xlcyup999i;p0p100;2013;0.19142152;999;i
SM;xlcyup999i;p0p100;2014;0.18447115;999;i
SM;xlcyup999i;p0p100;2015;0.18795547;999;i
SM;xlcyup999i;p0p100;2016;0.19054542;999;i
SM;xlcyup999i;p0p100;2017;0.19352579;999;i
SM;xlcyup999i;p0p100;2018;0.19731109;999;i
SM;xlcyup999i;p0p100;2019;0.20117958;999;i
